[{"model": "Scheduling.days", "pk": 1, "fields": {"day": "Monday"}}, {"model": "Scheduling.days", "pk": 2, "fields": {"day": "Tuesday"}}, {"model": "Scheduling.days", "pk": 3, "fields": {"day": "Wednesday"}}, {"model": "Scheduling.days", "pk": 4, "fields": {"day": "Thursday"}}, {"model": "Scheduling.days", "pk": 5, "fields": {"day": "Friday"}}, {"model": "Scheduling.shifttype", "pk": 1, "fields": {"house": 1, "label": "Breakfast", "start_time": "10:00:00", "end_time": "11:00:00", "number_of_employees": 1}}, {"model": "Scheduling.shifttype", "pk": 2, "fields": {"house": 1, "label": "Lunch", "start_time": "11:00:00", "end_time": "14:00:00", "number_of_employees": 2}}, {"model": "Scheduling.shifttype", "pk": 3, "fields": {"house": 1, "label": "Dinner", "start_time": "16:00:00", "end_time": "19:00:00", "number_of_employees": 3}}, {"model": "Scheduling.shift", "pk": 1966, "fields": {"Type": 1, "is_posted": false, "up_for_trade": false, "Employee": 1, "date": "2018-12-31"}}, {"model": "Scheduling.shift", "pk": 1967, "fields": {"Type": 1, "is_posted": false, "up_for_trade": false, "Employee": 4, "date": "2019-01-01"}}, {"model": "Scheduling.shift", "pk": 1968, "fields": {"Type": 1, "is_posted": false, "up_for_trade": false, "Employee": 6, "date": "2019-01-02"}}, {"model": "Scheduling.shift", "pk": 1969, "fields": {"Type": 1, "is_posted": false, "up_for_trade": false, "Employee": 1, "date": "2019-01-03"}}, {"model": "Scheduling.shift", "pk": 1970, "fields": {"Type": 1, "is_posted": false, "up_for_trade": false, "Employee": 2, "date": "2019-01-04"}}, {"model": "Scheduling.shift", "pk": 1971, "fields": {"Type": 2, "is_posted": false, "up_for_trade": false, "Employee": 3, "date": "2018-12-31"}}, {"model": "Scheduling.shift", "pk": 1972, "fields": {"Type": 2, "is_posted": false, "up_for_trade": false, "Employee": 4, "date": "2019-01-01"}}, {"model": "Scheduling.shift", "pk": 1973, "fields": {"Type": 2, "is_posted": false, "up_for_trade": false, "Employee": 6, "date": "2019-01-02"}}, {"model": "Scheduling.shift", "pk": 1974, "fields": {"Type": 2, "is_posted": false, "up_for_trade": false, "Employee": 2, "date": "2019-01-03"}}, {"model": "Scheduling.shift", "pk": 1975, "fields": {"Type": 2, "is_posted": false, "up_for_trade": false, "Employee": 3, "date": "2019-01-04"}}, {"model": "Scheduling.shift", "pk": 1976, "fields": {"Type": 2, "is_posted": false, "up_for_trade": false, "Employee": 2, "date": "2018-12-31"}}, {"model": "Scheduling.shift", "pk": 1977, "fields": {"Type": 2, "is_posted": false, "up_for_trade": false, "Employee": 1, "date": "2019-01-01"}}, {"model": "Scheduling.shift", "pk": 1978, "fields": {"Type": 2, "is_posted": false, "up_for_trade": false, "Employee": 4, "date": "2019-01-02"}}, {"model": "Scheduling.shift", "pk": 1979, "fields": {"Type": 2, "is_posted": false, "up_for_trade": false, "Employee": 4, "date": "2019-01-03"}}, {"model": "Scheduling.shift", "pk": 1980, "fields": {"Type": 2, "is_posted": false, "up_for_trade": false, "Employee": 6, "date": "2019-01-04"}}, {"model": "Scheduling.shift", "pk": 1981, "fields": {"Type": 3, "is_posted": false, "up_for_trade": false, "Employee": 3, "date": "2018-12-31"}}, {"model": "Scheduling.shift", "pk": 1982, "fields": {"Type": 3, "is_posted": false, "up_for_trade": false, "Employee": 1, "date": "2019-01-01"}}, {"model": "Scheduling.shift", "pk": 1983, "fields": {"Type": 3, "is_posted": false, "up_for_trade": false, "Employee": 4, "date": "2019-01-02"}}, {"model": "Scheduling.shift", "pk": 1984, "fields": {"Type": 3, "is_posted": false, "up_for_trade": false, "Employee": 6, "date": "2019-01-03"}}, {"model": "Scheduling.shift", "pk": 1985, "fields": {"Type": 3, "is_posted": false, "up_for_trade": false, "Employee": 2, "date": "2019-01-04"}}, {"model": "Scheduling.shift", "pk": 1986, "fields": {"Type": 3, "is_posted": false, "up_for_trade": false, "Employee": 1, "date": "2018-12-31"}}, {"model": "Scheduling.shift", "pk": 1987, "fields": {"Type": 3, "is_posted": false, "up_for_trade": false, "Employee": 6, "date": "2019-01-01"}}, {"model": "Scheduling.shift", "pk": 1988, "fields": {"Type": 3, "is_posted": false, "up_for_trade": false, "Employee": 3, "date": "2019-01-02"}}, {"model": "Scheduling.shift", "pk": 1989, "fields": {"Type": 3, "is_posted": false, "up_for_trade": false, "Employee": 1, "date": "2019-01-03"}}, {"model": "Scheduling.shift", "pk": 1990, "fields": {"Type": 3, "is_posted": false, "up_for_trade": false, "Employee": 4, "date": "2019-01-04"}}, {"model": "Scheduling.shift", "pk": 1991, "fields": {"Type": 3, "is_posted": false, "up_for_trade": false, "Employee": 2, "date": "2018-12-31"}}, {"model": "Scheduling.shift", "pk": 1992, "fields": {"Type": 3, "is_posted": false, "up_for_trade": false, "Employee": 7, "date": "2019-01-01"}}, {"model": "Scheduling.shift", "pk": 1993, "fields": {"Type": 3, "is_posted": false, "up_for_trade": false, "Employee": 2, "date": "2019-01-02"}}, {"model": "Scheduling.shift", "pk": 1994, "fields": {"Type": 3, "is_posted": false, "up_for_trade": false, "Employee": 7, "date": "2019-01-03"}}, {"model": "Scheduling.shift", "pk": 1995, "fields": {"Type": 3, "is_posted": false, "up_for_trade": false, "Employee": 3, "date": "2019-01-04"}}, {"model": "Scheduling.shift", "pk": 1996, "fields": {"Type": 1, "is_posted": false, "up_for_trade": false, "Employee": 1, "date": "2019-01-07"}}, {"model": "Scheduling.shift", "pk": 1997, "fields": {"Type": 1, "is_posted": false, "up_for_trade": false, "Employee": 1, "date": "2019-01-14"}}, {"model": "Scheduling.shift", "pk": 1998, "fields": {"Type": 1, "is_posted": false, "up_for_trade": false, "Employee": 1, "date": "2019-01-21"}}, {"model": "Scheduling.shift", "pk": 1999, "fields": {"Type": 1, "is_posted": false, "up_for_trade": false, "Employee": 1, "date": "2019-01-28"}}, {"model": "Scheduling.shift", "pk": 2000, "fields": {"Type": 1, "is_posted": false, "up_for_trade": false, "Employee": 1, "date": "2019-02-04"}}, {"model": "Scheduling.shift", "pk": 2001, "fields": {"Type": 1, "is_posted": false, "up_for_trade": false, "Employee": 1, "date": "2019-02-11"}}, {"model": "Scheduling.shift", "pk": 2002, "fields": {"Type": 1, "is_posted": false, "up_for_trade": false, "Employee": 1, "date": "2019-02-18"}}, {"model": "Scheduling.shift", "pk": 2003, "fields": {"Type": 1, "is_posted": false, "up_for_trade": false, "Employee": 1, "date": "2019-02-25"}}, {"model": "Scheduling.shift", "pk": 2004, "fields": {"Type": 1, "is_posted": false, "up_for_trade": false, "Employee": 1, "date": "2019-03-04"}}, {"model": "Scheduling.shift", "pk": 2005, "fields": {"Type": 1, "is_posted": false, "up_for_trade": false, "Employee": 1, "date": "2019-03-11"}}, {"model": "Scheduling.shift", "pk": 2006, "fields": {"Type": 1, "is_posted": false, "up_for_trade": false, "Employee": 1, "date": "2019-03-18"}}, {"model": "Scheduling.shift", "pk": 2007, "fields": {"Type": 1, "is_posted": false, "up_for_trade": false, "Employee": 1, "date": "2019-03-25"}}, {"model": "Scheduling.shift", "pk": 2008, "fields": {"Type": 1, "is_posted": false, "up_for_trade": false, "Employee": 1, "date": "2019-04-01"}}, {"model": "Scheduling.shift", "pk": 2009, "fields": {"Type": 1, "is_posted": false, "up_for_trade": false, "Employee": 1, "date": "2019-04-08"}}, {"model": "Scheduling.shift", "pk": 2010, "fields": {"Type": 1, "is_posted": false, "up_for_trade": false, "Employee": 1, "date": "2019-04-15"}}, {"model": "Scheduling.shift", "pk": 2011, "fields": {"Type": 1, "is_posted": false, "up_for_trade": false, "Employee": 1, "date": "2019-04-22"}}, {"model": "Scheduling.shift", "pk": 2012, "fields": {"Type": 1, "is_posted": false, "up_for_trade": false, "Employee": 4, "date": "2019-01-08"}}, {"model": "Scheduling.shift", "pk": 2013, "fields": {"Type": 1, "is_posted": false, "up_for_trade": false, "Employee": 4, "date": "2019-01-15"}}, {"model": "Scheduling.shift", "pk": 2014, "fields": {"Type": 1, "is_posted": false, "up_for_trade": false, "Employee": 4, "date": "2019-01-22"}}, {"model": "Scheduling.shift", "pk": 2015, "fields": {"Type": 1, "is_posted": false, "up_for_trade": false, "Employee": 4, "date": "2019-01-29"}}, {"model": "Scheduling.shift", "pk": 2016, "fields": {"Type": 1, "is_posted": false, "up_for_trade": false, "Employee": 4, "date": "2019-02-05"}}, {"model": "Scheduling.shift", "pk": 2017, "fields": {"Type": 1, "is_posted": false, "up_for_trade": false, "Employee": 4, "date": "2019-02-12"}}, {"model": "Scheduling.shift", "pk": 2018, "fields": {"Type": 1, "is_posted": false, "up_for_trade": false, "Employee": 4, "date": "2019-02-19"}}, {"model": "Scheduling.shift", "pk": 2019, "fields": {"Type": 1, "is_posted": false, "up_for_trade": false, "Employee": 4, "date": "2019-02-26"}}, {"model": "Scheduling.shift", "pk": 2020, "fields": {"Type": 1, "is_posted": false, "up_for_trade": false, "Employee": 4, "date": "2019-03-05"}}, {"model": "Scheduling.shift", "pk": 2021, "fields": {"Type": 1, "is_posted": false, "up_for_trade": false, "Employee": 4, "date": "2019-03-12"}}, {"model": "Scheduling.shift", "pk": 2022, "fields": {"Type": 1, "is_posted": false, "up_for_trade": false, "Employee": 4, "date": "2019-03-19"}}, {"model": "Scheduling.shift", "pk": 2023, "fields": {"Type": 1, "is_posted": false, "up_for_trade": false, "Employee": 4, "date": "2019-03-26"}}, {"model": "Scheduling.shift", "pk": 2024, "fields": {"Type": 1, "is_posted": false, "up_for_trade": false, "Employee": 4, "date": "2019-04-02"}}, {"model": "Scheduling.shift", "pk": 2025, "fields": {"Type": 1, "is_posted": false, "up_for_trade": false, "Employee": 4, "date": "2019-04-09"}}, {"model": "Scheduling.shift", "pk": 2026, "fields": {"Type": 1, "is_posted": false, "up_for_trade": false, "Employee": 4, "date": "2019-04-16"}}, {"model": "Scheduling.shift", "pk": 2027, "fields": {"Type": 1, "is_posted": false, "up_for_trade": false, "Employee": 4, "date": "2019-04-23"}}, {"model": "Scheduling.shift", "pk": 2028, "fields": {"Type": 1, "is_posted": false, "up_for_trade": false, "Employee": 6, "date": "2019-01-09"}}, {"model": "Scheduling.shift", "pk": 2029, "fields": {"Type": 1, "is_posted": false, "up_for_trade": false, "Employee": 6, "date": "2019-01-16"}}, {"model": "Scheduling.shift", "pk": 2030, "fields": {"Type": 1, "is_posted": false, "up_for_trade": false, "Employee": 6, "date": "2019-01-23"}}, {"model": "Scheduling.shift", "pk": 2031, "fields": {"Type": 1, "is_posted": false, "up_for_trade": false, "Employee": 6, "date": "2019-01-30"}}, {"model": "Scheduling.shift", "pk": 2032, "fields": {"Type": 1, "is_posted": false, "up_for_trade": false, "Employee": 6, "date": "2019-02-06"}}, {"model": "Scheduling.shift", "pk": 2033, "fields": {"Type": 1, "is_posted": false, "up_for_trade": false, "Employee": 6, "date": "2019-02-13"}}, {"model": "Scheduling.shift", "pk": 2034, "fields": {"Type": 1, "is_posted": false, "up_for_trade": false, "Employee": 6, "date": "2019-02-20"}}, {"model": "Scheduling.shift", "pk": 2035, "fields": {"Type": 1, "is_posted": false, "up_for_trade": false, "Employee": 6, "date": "2019-02-27"}}, {"model": "Scheduling.shift", "pk": 2036, "fields": {"Type": 1, "is_posted": false, "up_for_trade": false, "Employee": 6, "date": "2019-03-06"}}, {"model": "Scheduling.shift", "pk": 2037, "fields": {"Type": 1, "is_posted": false, "up_for_trade": false, "Employee": 6, "date": "2019-03-13"}}, {"model": "Scheduling.shift", "pk": 2038, "fields": {"Type": 1, "is_posted": false, "up_for_trade": false, "Employee": 6, "date": "2019-03-20"}}, {"model": "Scheduling.shift", "pk": 2039, "fields": {"Type": 1, "is_posted": false, "up_for_trade": false, "Employee": 6, "date": "2019-03-27"}}, {"model": "Scheduling.shift", "pk": 2040, "fields": {"Type": 1, "is_posted": false, "up_for_trade": false, "Employee": 6, "date": "2019-04-03"}}, {"model": "Scheduling.shift", "pk": 2041, "fields": {"Type": 1, "is_posted": false, "up_for_trade": false, "Employee": 6, "date": "2019-04-10"}}, {"model": "Scheduling.shift", "pk": 2042, "fields": {"Type": 1, "is_posted": false, "up_for_trade": false, "Employee": 6, "date": "2019-04-17"}}, {"model": "Scheduling.shift", "pk": 2043, "fields": {"Type": 1, "is_posted": false, "up_for_trade": false, "Employee": 6, "date": "2019-04-24"}}, {"model": "Scheduling.shift", "pk": 2044, "fields": {"Type": 1, "is_posted": false, "up_for_trade": false, "Employee": 1, "date": "2019-01-10"}}, {"model": "Scheduling.shift", "pk": 2045, "fields": {"Type": 1, "is_posted": false, "up_for_trade": false, "Employee": 1, "date": "2019-01-17"}}, {"model": "Scheduling.shift", "pk": 2046, "fields": {"Type": 1, "is_posted": false, "up_for_trade": false, "Employee": 1, "date": "2019-01-24"}}, {"model": "Scheduling.shift", "pk": 2047, "fields": {"Type": 1, "is_posted": false, "up_for_trade": false, "Employee": 1, "date": "2019-01-31"}}, {"model": "Scheduling.shift", "pk": 2048, "fields": {"Type": 1, "is_posted": false, "up_for_trade": false, "Employee": 1, "date": "2019-02-07"}}, {"model": "Scheduling.shift", "pk": 2049, "fields": {"Type": 1, "is_posted": false, "up_for_trade": false, "Employee": 1, "date": "2019-02-14"}}, {"model": "Scheduling.shift", "pk": 2050, "fields": {"Type": 1, "is_posted": false, "up_for_trade": false, "Employee": 1, "date": "2019-02-21"}}, {"model": "Scheduling.shift", "pk": 2051, "fields": {"Type": 1, "is_posted": false, "up_for_trade": false, "Employee": 1, "date": "2019-02-28"}}, {"model": "Scheduling.shift", "pk": 2052, "fields": {"Type": 1, "is_posted": false, "up_for_trade": false, "Employee": 1, "date": "2019-03-07"}}, {"model": "Scheduling.shift", "pk": 2053, "fields": {"Type": 1, "is_posted": false, "up_for_trade": false, "Employee": 1, "date": "2019-03-14"}}, {"model": "Scheduling.shift", "pk": 2054, "fields": {"Type": 1, "is_posted": false, "up_for_trade": false, "Employee": 1, "date": "2019-03-21"}}, {"model": "Scheduling.shift", "pk": 2055, "fields": {"Type": 1, "is_posted": false, "up_for_trade": false, "Employee": 1, "date": "2019-03-28"}}, {"model": "Scheduling.shift", "pk": 2056, "fields": {"Type": 1, "is_posted": false, "up_for_trade": false, "Employee": 1, "date": "2019-04-04"}}, {"model": "Scheduling.shift", "pk": 2057, "fields": {"Type": 1, "is_posted": false, "up_for_trade": false, "Employee": 1, "date": "2019-04-11"}}, {"model": "Scheduling.shift", "pk": 2058, "fields": {"Type": 1, "is_posted": false, "up_for_trade": false, "Employee": 1, "date": "2019-04-18"}}, {"model": "Scheduling.shift", "pk": 2059, "fields": {"Type": 1, "is_posted": false, "up_for_trade": false, "Employee": 1, "date": "2019-04-25"}}, {"model": "Scheduling.shift", "pk": 2060, "fields": {"Type": 1, "is_posted": false, "up_for_trade": false, "Employee": 2, "date": "2019-01-11"}}, {"model": "Scheduling.shift", "pk": 2061, "fields": {"Type": 1, "is_posted": false, "up_for_trade": false, "Employee": 2, "date": "2019-01-18"}}, {"model": "Scheduling.shift", "pk": 2062, "fields": {"Type": 1, "is_posted": false, "up_for_trade": false, "Employee": 2, "date": "2019-01-25"}}, {"model": "Scheduling.shift", "pk": 2063, "fields": {"Type": 1, "is_posted": false, "up_for_trade": false, "Employee": 2, "date": "2019-02-01"}}, {"model": "Scheduling.shift", "pk": 2064, "fields": {"Type": 1, "is_posted": false, "up_for_trade": false, "Employee": 2, "date": "2019-02-08"}}, {"model": "Scheduling.shift", "pk": 2065, "fields": {"Type": 1, "is_posted": false, "up_for_trade": false, "Employee": 2, "date": "2019-02-15"}}, {"model": "Scheduling.shift", "pk": 2066, "fields": {"Type": 1, "is_posted": false, "up_for_trade": false, "Employee": 2, "date": "2019-02-22"}}, {"model": "Scheduling.shift", "pk": 2067, "fields": {"Type": 1, "is_posted": false, "up_for_trade": false, "Employee": 2, "date": "2019-03-01"}}, {"model": "Scheduling.shift", "pk": 2068, "fields": {"Type": 1, "is_posted": false, "up_for_trade": false, "Employee": 2, "date": "2019-03-08"}}, {"model": "Scheduling.shift", "pk": 2069, "fields": {"Type": 1, "is_posted": false, "up_for_trade": false, "Employee": 2, "date": "2019-03-15"}}, {"model": "Scheduling.shift", "pk": 2070, "fields": {"Type": 1, "is_posted": false, "up_for_trade": false, "Employee": 2, "date": "2019-03-22"}}, {"model": "Scheduling.shift", "pk": 2071, "fields": {"Type": 1, "is_posted": false, "up_for_trade": false, "Employee": 2, "date": "2019-03-29"}}, {"model": "Scheduling.shift", "pk": 2072, "fields": {"Type": 1, "is_posted": false, "up_for_trade": false, "Employee": 2, "date": "2019-04-05"}}, {"model": "Scheduling.shift", "pk": 2073, "fields": {"Type": 1, "is_posted": false, "up_for_trade": false, "Employee": 2, "date": "2019-04-12"}}, {"model": "Scheduling.shift", "pk": 2074, "fields": {"Type": 1, "is_posted": false, "up_for_trade": false, "Employee": 2, "date": "2019-04-19"}}, {"model": "Scheduling.shift", "pk": 2075, "fields": {"Type": 2, "is_posted": false, "up_for_trade": false, "Employee": 3, "date": "2019-01-07"}}, {"model": "Scheduling.shift", "pk": 2076, "fields": {"Type": 2, "is_posted": false, "up_for_trade": false, "Employee": 3, "date": "2019-01-14"}}, {"model": "Scheduling.shift", "pk": 2077, "fields": {"Type": 2, "is_posted": false, "up_for_trade": false, "Employee": 3, "date": "2019-01-21"}}, {"model": "Scheduling.shift", "pk": 2078, "fields": {"Type": 2, "is_posted": false, "up_for_trade": false, "Employee": 3, "date": "2019-01-28"}}, {"model": "Scheduling.shift", "pk": 2079, "fields": {"Type": 2, "is_posted": false, "up_for_trade": false, "Employee": 3, "date": "2019-02-04"}}, {"model": "Scheduling.shift", "pk": 2080, "fields": {"Type": 2, "is_posted": false, "up_for_trade": false, "Employee": 3, "date": "2019-02-11"}}, {"model": "Scheduling.shift", "pk": 2081, "fields": {"Type": 2, "is_posted": false, "up_for_trade": false, "Employee": 3, "date": "2019-02-18"}}, {"model": "Scheduling.shift", "pk": 2082, "fields": {"Type": 2, "is_posted": false, "up_for_trade": false, "Employee": 3, "date": "2019-02-25"}}, {"model": "Scheduling.shift", "pk": 2083, "fields": {"Type": 2, "is_posted": false, "up_for_trade": false, "Employee": 3, "date": "2019-03-04"}}, {"model": "Scheduling.shift", "pk": 2084, "fields": {"Type": 2, "is_posted": false, "up_for_trade": false, "Employee": 3, "date": "2019-03-11"}}, {"model": "Scheduling.shift", "pk": 2085, "fields": {"Type": 2, "is_posted": false, "up_for_trade": false, "Employee": 3, "date": "2019-03-18"}}, {"model": "Scheduling.shift", "pk": 2086, "fields": {"Type": 2, "is_posted": false, "up_for_trade": false, "Employee": 3, "date": "2019-03-25"}}, {"model": "Scheduling.shift", "pk": 2087, "fields": {"Type": 2, "is_posted": false, "up_for_trade": false, "Employee": 3, "date": "2019-04-01"}}, {"model": "Scheduling.shift", "pk": 2088, "fields": {"Type": 2, "is_posted": false, "up_for_trade": false, "Employee": 3, "date": "2019-04-08"}}, {"model": "Scheduling.shift", "pk": 2089, "fields": {"Type": 2, "is_posted": false, "up_for_trade": false, "Employee": 3, "date": "2019-04-15"}}, {"model": "Scheduling.shift", "pk": 2090, "fields": {"Type": 2, "is_posted": false, "up_for_trade": false, "Employee": 3, "date": "2019-04-22"}}, {"model": "Scheduling.shift", "pk": 2091, "fields": {"Type": 2, "is_posted": false, "up_for_trade": false, "Employee": 4, "date": "2019-01-08"}}, {"model": "Scheduling.shift", "pk": 2092, "fields": {"Type": 2, "is_posted": false, "up_for_trade": false, "Employee": 4, "date": "2019-01-15"}}, {"model": "Scheduling.shift", "pk": 2093, "fields": {"Type": 2, "is_posted": false, "up_for_trade": false, "Employee": 4, "date": "2019-01-22"}}, {"model": "Scheduling.shift", "pk": 2094, "fields": {"Type": 2, "is_posted": false, "up_for_trade": false, "Employee": 4, "date": "2019-01-29"}}, {"model": "Scheduling.shift", "pk": 2095, "fields": {"Type": 2, "is_posted": false, "up_for_trade": false, "Employee": 4, "date": "2019-02-05"}}, {"model": "Scheduling.shift", "pk": 2096, "fields": {"Type": 2, "is_posted": false, "up_for_trade": false, "Employee": 4, "date": "2019-02-12"}}, {"model": "Scheduling.shift", "pk": 2097, "fields": {"Type": 2, "is_posted": false, "up_for_trade": false, "Employee": 4, "date": "2019-02-19"}}, {"model": "Scheduling.shift", "pk": 2098, "fields": {"Type": 2, "is_posted": false, "up_for_trade": false, "Employee": 4, "date": "2019-02-26"}}, {"model": "Scheduling.shift", "pk": 2099, "fields": {"Type": 2, "is_posted": false, "up_for_trade": false, "Employee": 4, "date": "2019-03-05"}}, {"model": "Scheduling.shift", "pk": 2100, "fields": {"Type": 2, "is_posted": false, "up_for_trade": false, "Employee": 4, "date": "2019-03-12"}}, {"model": "Scheduling.shift", "pk": 2101, "fields": {"Type": 2, "is_posted": false, "up_for_trade": false, "Employee": 4, "date": "2019-03-19"}}, {"model": "Scheduling.shift", "pk": 2102, "fields": {"Type": 2, "is_posted": false, "up_for_trade": false, "Employee": 4, "date": "2019-03-26"}}, {"model": "Scheduling.shift", "pk": 2103, "fields": {"Type": 2, "is_posted": false, "up_for_trade": false, "Employee": 4, "date": "2019-04-02"}}, {"model": "Scheduling.shift", "pk": 2104, "fields": {"Type": 2, "is_posted": false, "up_for_trade": false, "Employee": 4, "date": "2019-04-09"}}, {"model": "Scheduling.shift", "pk": 2105, "fields": {"Type": 2, "is_posted": false, "up_for_trade": false, "Employee": 4, "date": "2019-04-16"}}, {"model": "Scheduling.shift", "pk": 2106, "fields": {"Type": 2, "is_posted": false, "up_for_trade": false, "Employee": 4, "date": "2019-04-23"}}, {"model": "Scheduling.shift", "pk": 2107, "fields": {"Type": 2, "is_posted": false, "up_for_trade": false, "Employee": 6, "date": "2019-01-09"}}, {"model": "Scheduling.shift", "pk": 2108, "fields": {"Type": 2, "is_posted": false, "up_for_trade": false, "Employee": 6, "date": "2019-01-16"}}, {"model": "Scheduling.shift", "pk": 2109, "fields": {"Type": 2, "is_posted": false, "up_for_trade": false, "Employee": 6, "date": "2019-01-23"}}, {"model": "Scheduling.shift", "pk": 2110, "fields": {"Type": 2, "is_posted": false, "up_for_trade": false, "Employee": 6, "date": "2019-01-30"}}, {"model": "Scheduling.shift", "pk": 2111, "fields": {"Type": 2, "is_posted": false, "up_for_trade": false, "Employee": 6, "date": "2019-02-06"}}, {"model": "Scheduling.shift", "pk": 2112, "fields": {"Type": 2, "is_posted": false, "up_for_trade": false, "Employee": 6, "date": "2019-02-13"}}, {"model": "Scheduling.shift", "pk": 2113, "fields": {"Type": 2, "is_posted": false, "up_for_trade": false, "Employee": 6, "date": "2019-02-20"}}, {"model": "Scheduling.shift", "pk": 2114, "fields": {"Type": 2, "is_posted": false, "up_for_trade": false, "Employee": 6, "date": "2019-02-27"}}, {"model": "Scheduling.shift", "pk": 2115, "fields": {"Type": 2, "is_posted": false, "up_for_trade": false, "Employee": 6, "date": "2019-03-06"}}, {"model": "Scheduling.shift", "pk": 2116, "fields": {"Type": 2, "is_posted": false, "up_for_trade": false, "Employee": 6, "date": "2019-03-13"}}, {"model": "Scheduling.shift", "pk": 2117, "fields": {"Type": 2, "is_posted": false, "up_for_trade": false, "Employee": 6, "date": "2019-03-20"}}, {"model": "Scheduling.shift", "pk": 2118, "fields": {"Type": 2, "is_posted": false, "up_for_trade": false, "Employee": 6, "date": "2019-03-27"}}, {"model": "Scheduling.shift", "pk": 2119, "fields": {"Type": 2, "is_posted": false, "up_for_trade": false, "Employee": 6, "date": "2019-04-03"}}, {"model": "Scheduling.shift", "pk": 2120, "fields": {"Type": 2, "is_posted": false, "up_for_trade": false, "Employee": 6, "date": "2019-04-10"}}, {"model": "Scheduling.shift", "pk": 2121, "fields": {"Type": 2, "is_posted": false, "up_for_trade": false, "Employee": 6, "date": "2019-04-17"}}, {"model": "Scheduling.shift", "pk": 2122, "fields": {"Type": 2, "is_posted": false, "up_for_trade": false, "Employee": 6, "date": "2019-04-24"}}, {"model": "Scheduling.shift", "pk": 2123, "fields": {"Type": 2, "is_posted": false, "up_for_trade": false, "Employee": 2, "date": "2019-01-10"}}, {"model": "Scheduling.shift", "pk": 2124, "fields": {"Type": 2, "is_posted": false, "up_for_trade": false, "Employee": 2, "date": "2019-01-17"}}, {"model": "Scheduling.shift", "pk": 2125, "fields": {"Type": 2, "is_posted": false, "up_for_trade": false, "Employee": 2, "date": "2019-01-24"}}, {"model": "Scheduling.shift", "pk": 2126, "fields": {"Type": 2, "is_posted": false, "up_for_trade": false, "Employee": 2, "date": "2019-01-31"}}, {"model": "Scheduling.shift", "pk": 2127, "fields": {"Type": 2, "is_posted": false, "up_for_trade": false, "Employee": 2, "date": "2019-02-07"}}, {"model": "Scheduling.shift", "pk": 2128, "fields": {"Type": 2, "is_posted": false, "up_for_trade": false, "Employee": 2, "date": "2019-02-14"}}, {"model": "Scheduling.shift", "pk": 2129, "fields": {"Type": 2, "is_posted": false, "up_for_trade": false, "Employee": 2, "date": "2019-02-21"}}, {"model": "Scheduling.shift", "pk": 2130, "fields": {"Type": 2, "is_posted": false, "up_for_trade": false, "Employee": 2, "date": "2019-02-28"}}, {"model": "Scheduling.shift", "pk": 2131, "fields": {"Type": 2, "is_posted": false, "up_for_trade": false, "Employee": 2, "date": "2019-03-07"}}, {"model": "Scheduling.shift", "pk": 2132, "fields": {"Type": 2, "is_posted": false, "up_for_trade": false, "Employee": 2, "date": "2019-03-14"}}, {"model": "Scheduling.shift", "pk": 2133, "fields": {"Type": 2, "is_posted": false, "up_for_trade": false, "Employee": 2, "date": "2019-03-21"}}, {"model": "Scheduling.shift", "pk": 2134, "fields": {"Type": 2, "is_posted": false, "up_for_trade": false, "Employee": 2, "date": "2019-03-28"}}, {"model": "Scheduling.shift", "pk": 2135, "fields": {"Type": 2, "is_posted": false, "up_for_trade": false, "Employee": 2, "date": "2019-04-04"}}, {"model": "Scheduling.shift", "pk": 2136, "fields": {"Type": 2, "is_posted": false, "up_for_trade": false, "Employee": 2, "date": "2019-04-11"}}, {"model": "Scheduling.shift", "pk": 2137, "fields": {"Type": 2, "is_posted": false, "up_for_trade": false, "Employee": 2, "date": "2019-04-18"}}, {"model": "Scheduling.shift", "pk": 2138, "fields": {"Type": 2, "is_posted": false, "up_for_trade": false, "Employee": 2, "date": "2019-04-25"}}, {"model": "Scheduling.shift", "pk": 2139, "fields": {"Type": 2, "is_posted": false, "up_for_trade": false, "Employee": 3, "date": "2019-01-11"}}, {"model": "Scheduling.shift", "pk": 2140, "fields": {"Type": 2, "is_posted": false, "up_for_trade": false, "Employee": 3, "date": "2019-01-18"}}, {"model": "Scheduling.shift", "pk": 2141, "fields": {"Type": 2, "is_posted": false, "up_for_trade": false, "Employee": 3, "date": "2019-01-25"}}, {"model": "Scheduling.shift", "pk": 2142, "fields": {"Type": 2, "is_posted": false, "up_for_trade": false, "Employee": 3, "date": "2019-02-01"}}, {"model": "Scheduling.shift", "pk": 2143, "fields": {"Type": 2, "is_posted": false, "up_for_trade": false, "Employee": 3, "date": "2019-02-08"}}, {"model": "Scheduling.shift", "pk": 2144, "fields": {"Type": 2, "is_posted": false, "up_for_trade": false, "Employee": 3, "date": "2019-02-15"}}, {"model": "Scheduling.shift", "pk": 2145, "fields": {"Type": 2, "is_posted": false, "up_for_trade": false, "Employee": 3, "date": "2019-02-22"}}, {"model": "Scheduling.shift", "pk": 2146, "fields": {"Type": 2, "is_posted": false, "up_for_trade": false, "Employee": 3, "date": "2019-03-01"}}, {"model": "Scheduling.shift", "pk": 2147, "fields": {"Type": 2, "is_posted": false, "up_for_trade": false, "Employee": 3, "date": "2019-03-08"}}, {"model": "Scheduling.shift", "pk": 2148, "fields": {"Type": 2, "is_posted": false, "up_for_trade": false, "Employee": 3, "date": "2019-03-15"}}, {"model": "Scheduling.shift", "pk": 2149, "fields": {"Type": 2, "is_posted": false, "up_for_trade": false, "Employee": 3, "date": "2019-03-22"}}, {"model": "Scheduling.shift", "pk": 2150, "fields": {"Type": 2, "is_posted": false, "up_for_trade": false, "Employee": 3, "date": "2019-03-29"}}, {"model": "Scheduling.shift", "pk": 2151, "fields": {"Type": 2, "is_posted": false, "up_for_trade": false, "Employee": 3, "date": "2019-04-05"}}, {"model": "Scheduling.shift", "pk": 2152, "fields": {"Type": 2, "is_posted": false, "up_for_trade": false, "Employee": 3, "date": "2019-04-12"}}, {"model": "Scheduling.shift", "pk": 2153, "fields": {"Type": 2, "is_posted": false, "up_for_trade": false, "Employee": 3, "date": "2019-04-19"}}, {"model": "Scheduling.shift", "pk": 2154, "fields": {"Type": 2, "is_posted": false, "up_for_trade": false, "Employee": 2, "date": "2019-01-07"}}, {"model": "Scheduling.shift", "pk": 2155, "fields": {"Type": 2, "is_posted": false, "up_for_trade": false, "Employee": 2, "date": "2019-01-14"}}, {"model": "Scheduling.shift", "pk": 2156, "fields": {"Type": 2, "is_posted": false, "up_for_trade": false, "Employee": 2, "date": "2019-01-21"}}, {"model": "Scheduling.shift", "pk": 2157, "fields": {"Type": 2, "is_posted": false, "up_for_trade": false, "Employee": 2, "date": "2019-01-28"}}, {"model": "Scheduling.shift", "pk": 2158, "fields": {"Type": 2, "is_posted": false, "up_for_trade": false, "Employee": 2, "date": "2019-02-04"}}, {"model": "Scheduling.shift", "pk": 2159, "fields": {"Type": 2, "is_posted": false, "up_for_trade": false, "Employee": 2, "date": "2019-02-11"}}, {"model": "Scheduling.shift", "pk": 2160, "fields": {"Type": 2, "is_posted": false, "up_for_trade": false, "Employee": 2, "date": "2019-02-18"}}, {"model": "Scheduling.shift", "pk": 2161, "fields": {"Type": 2, "is_posted": false, "up_for_trade": false, "Employee": 2, "date": "2019-02-25"}}, {"model": "Scheduling.shift", "pk": 2162, "fields": {"Type": 2, "is_posted": false, "up_for_trade": false, "Employee": 2, "date": "2019-03-04"}}, {"model": "Scheduling.shift", "pk": 2163, "fields": {"Type": 2, "is_posted": false, "up_for_trade": false, "Employee": 2, "date": "2019-03-11"}}, {"model": "Scheduling.shift", "pk": 2164, "fields": {"Type": 2, "is_posted": false, "up_for_trade": false, "Employee": 2, "date": "2019-03-18"}}, {"model": "Scheduling.shift", "pk": 2165, "fields": {"Type": 2, "is_posted": false, "up_for_trade": false, "Employee": 2, "date": "2019-03-25"}}, {"model": "Scheduling.shift", "pk": 2166, "fields": {"Type": 2, "is_posted": false, "up_for_trade": false, "Employee": 2, "date": "2019-04-01"}}, {"model": "Scheduling.shift", "pk": 2167, "fields": {"Type": 2, "is_posted": false, "up_for_trade": false, "Employee": 2, "date": "2019-04-08"}}, {"model": "Scheduling.shift", "pk": 2168, "fields": {"Type": 2, "is_posted": false, "up_for_trade": false, "Employee": 2, "date": "2019-04-15"}}, {"model": "Scheduling.shift", "pk": 2169, "fields": {"Type": 2, "is_posted": false, "up_for_trade": false, "Employee": 2, "date": "2019-04-22"}}, {"model": "Scheduling.shift", "pk": 2170, "fields": {"Type": 2, "is_posted": false, "up_for_trade": false, "Employee": 1, "date": "2019-01-08"}}, {"model": "Scheduling.shift", "pk": 2171, "fields": {"Type": 2, "is_posted": false, "up_for_trade": false, "Employee": 1, "date": "2019-01-15"}}, {"model": "Scheduling.shift", "pk": 2172, "fields": {"Type": 2, "is_posted": false, "up_for_trade": false, "Employee": 1, "date": "2019-01-22"}}, {"model": "Scheduling.shift", "pk": 2173, "fields": {"Type": 2, "is_posted": false, "up_for_trade": false, "Employee": 1, "date": "2019-01-29"}}, {"model": "Scheduling.shift", "pk": 2174, "fields": {"Type": 2, "is_posted": false, "up_for_trade": false, "Employee": 1, "date": "2019-02-05"}}, {"model": "Scheduling.shift", "pk": 2175, "fields": {"Type": 2, "is_posted": false, "up_for_trade": false, "Employee": 1, "date": "2019-02-12"}}, {"model": "Scheduling.shift", "pk": 2176, "fields": {"Type": 2, "is_posted": false, "up_for_trade": false, "Employee": 1, "date": "2019-02-19"}}, {"model": "Scheduling.shift", "pk": 2177, "fields": {"Type": 2, "is_posted": false, "up_for_trade": false, "Employee": 1, "date": "2019-02-26"}}, {"model": "Scheduling.shift", "pk": 2178, "fields": {"Type": 2, "is_posted": false, "up_for_trade": false, "Employee": 1, "date": "2019-03-05"}}, {"model": "Scheduling.shift", "pk": 2179, "fields": {"Type": 2, "is_posted": false, "up_for_trade": false, "Employee": 1, "date": "2019-03-12"}}, {"model": "Scheduling.shift", "pk": 2180, "fields": {"Type": 2, "is_posted": false, "up_for_trade": false, "Employee": 1, "date": "2019-03-19"}}, {"model": "Scheduling.shift", "pk": 2181, "fields": {"Type": 2, "is_posted": false, "up_for_trade": false, "Employee": 1, "date": "2019-03-26"}}, {"model": "Scheduling.shift", "pk": 2182, "fields": {"Type": 2, "is_posted": false, "up_for_trade": false, "Employee": 1, "date": "2019-04-02"}}, {"model": "Scheduling.shift", "pk": 2183, "fields": {"Type": 2, "is_posted": false, "up_for_trade": false, "Employee": 1, "date": "2019-04-09"}}, {"model": "Scheduling.shift", "pk": 2184, "fields": {"Type": 2, "is_posted": false, "up_for_trade": false, "Employee": 1, "date": "2019-04-16"}}, {"model": "Scheduling.shift", "pk": 2185, "fields": {"Type": 2, "is_posted": false, "up_for_trade": false, "Employee": 1, "date": "2019-04-23"}}, {"model": "Scheduling.shift", "pk": 2186, "fields": {"Type": 2, "is_posted": false, "up_for_trade": false, "Employee": 4, "date": "2019-01-10"}}, {"model": "Scheduling.shift", "pk": 2187, "fields": {"Type": 2, "is_posted": false, "up_for_trade": false, "Employee": 4, "date": "2019-01-17"}}, {"model": "Scheduling.shift", "pk": 2188, "fields": {"Type": 2, "is_posted": false, "up_for_trade": false, "Employee": 4, "date": "2019-01-24"}}, {"model": "Scheduling.shift", "pk": 2189, "fields": {"Type": 2, "is_posted": false, "up_for_trade": false, "Employee": 4, "date": "2019-01-31"}}, {"model": "Scheduling.shift", "pk": 2190, "fields": {"Type": 2, "is_posted": false, "up_for_trade": false, "Employee": 4, "date": "2019-02-07"}}, {"model": "Scheduling.shift", "pk": 2191, "fields": {"Type": 2, "is_posted": false, "up_for_trade": false, "Employee": 4, "date": "2019-02-14"}}, {"model": "Scheduling.shift", "pk": 2192, "fields": {"Type": 2, "is_posted": false, "up_for_trade": false, "Employee": 4, "date": "2019-02-21"}}, {"model": "Scheduling.shift", "pk": 2193, "fields": {"Type": 2, "is_posted": false, "up_for_trade": false, "Employee": 4, "date": "2019-02-28"}}, {"model": "Scheduling.shift", "pk": 2194, "fields": {"Type": 2, "is_posted": false, "up_for_trade": false, "Employee": 4, "date": "2019-03-07"}}, {"model": "Scheduling.shift", "pk": 2195, "fields": {"Type": 2, "is_posted": false, "up_for_trade": false, "Employee": 4, "date": "2019-03-14"}}, {"model": "Scheduling.shift", "pk": 2196, "fields": {"Type": 2, "is_posted": false, "up_for_trade": false, "Employee": 4, "date": "2019-03-21"}}, {"model": "Scheduling.shift", "pk": 2197, "fields": {"Type": 2, "is_posted": false, "up_for_trade": false, "Employee": 4, "date": "2019-03-28"}}, {"model": "Scheduling.shift", "pk": 2198, "fields": {"Type": 2, "is_posted": false, "up_for_trade": false, "Employee": 4, "date": "2019-04-04"}}, {"model": "Scheduling.shift", "pk": 2199, "fields": {"Type": 2, "is_posted": false, "up_for_trade": false, "Employee": 4, "date": "2019-04-11"}}, {"model": "Scheduling.shift", "pk": 2200, "fields": {"Type": 2, "is_posted": false, "up_for_trade": false, "Employee": 4, "date": "2019-04-18"}}, {"model": "Scheduling.shift", "pk": 2201, "fields": {"Type": 2, "is_posted": false, "up_for_trade": false, "Employee": 4, "date": "2019-04-25"}}, {"model": "Scheduling.shift", "pk": 2202, "fields": {"Type": 2, "is_posted": false, "up_for_trade": false, "Employee": 6, "date": "2019-01-11"}}, {"model": "Scheduling.shift", "pk": 2203, "fields": {"Type": 2, "is_posted": false, "up_for_trade": false, "Employee": 6, "date": "2019-01-18"}}, {"model": "Scheduling.shift", "pk": 2204, "fields": {"Type": 2, "is_posted": false, "up_for_trade": false, "Employee": 6, "date": "2019-01-25"}}, {"model": "Scheduling.shift", "pk": 2205, "fields": {"Type": 2, "is_posted": false, "up_for_trade": false, "Employee": 6, "date": "2019-02-01"}}, {"model": "Scheduling.shift", "pk": 2206, "fields": {"Type": 2, "is_posted": false, "up_for_trade": false, "Employee": 6, "date": "2019-02-08"}}, {"model": "Scheduling.shift", "pk": 2207, "fields": {"Type": 2, "is_posted": false, "up_for_trade": false, "Employee": 6, "date": "2019-02-15"}}, {"model": "Scheduling.shift", "pk": 2208, "fields": {"Type": 2, "is_posted": false, "up_for_trade": false, "Employee": 6, "date": "2019-02-22"}}, {"model": "Scheduling.shift", "pk": 2209, "fields": {"Type": 2, "is_posted": false, "up_for_trade": false, "Employee": 6, "date": "2019-03-01"}}, {"model": "Scheduling.shift", "pk": 2210, "fields": {"Type": 2, "is_posted": false, "up_for_trade": false, "Employee": 6, "date": "2019-03-08"}}, {"model": "Scheduling.shift", "pk": 2211, "fields": {"Type": 2, "is_posted": false, "up_for_trade": false, "Employee": 6, "date": "2019-03-15"}}, {"model": "Scheduling.shift", "pk": 2212, "fields": {"Type": 2, "is_posted": false, "up_for_trade": false, "Employee": 6, "date": "2019-03-22"}}, {"model": "Scheduling.shift", "pk": 2213, "fields": {"Type": 2, "is_posted": false, "up_for_trade": false, "Employee": 6, "date": "2019-03-29"}}, {"model": "Scheduling.shift", "pk": 2214, "fields": {"Type": 2, "is_posted": false, "up_for_trade": false, "Employee": 6, "date": "2019-04-05"}}, {"model": "Scheduling.shift", "pk": 2215, "fields": {"Type": 2, "is_posted": false, "up_for_trade": false, "Employee": 6, "date": "2019-04-12"}}, {"model": "Scheduling.shift", "pk": 2216, "fields": {"Type": 2, "is_posted": false, "up_for_trade": false, "Employee": 6, "date": "2019-04-19"}}, {"model": "Scheduling.shift", "pk": 2217, "fields": {"Type": 3, "is_posted": false, "up_for_trade": false, "Employee": 3, "date": "2019-01-07"}}, {"model": "Scheduling.shift", "pk": 2218, "fields": {"Type": 3, "is_posted": false, "up_for_trade": false, "Employee": 3, "date": "2019-01-14"}}, {"model": "Scheduling.shift", "pk": 2219, "fields": {"Type": 3, "is_posted": false, "up_for_trade": false, "Employee": 3, "date": "2019-01-21"}}, {"model": "Scheduling.shift", "pk": 2220, "fields": {"Type": 3, "is_posted": false, "up_for_trade": false, "Employee": 3, "date": "2019-01-28"}}, {"model": "Scheduling.shift", "pk": 2221, "fields": {"Type": 3, "is_posted": false, "up_for_trade": false, "Employee": 3, "date": "2019-02-04"}}, {"model": "Scheduling.shift", "pk": 2222, "fields": {"Type": 3, "is_posted": false, "up_for_trade": false, "Employee": 3, "date": "2019-02-11"}}, {"model": "Scheduling.shift", "pk": 2223, "fields": {"Type": 3, "is_posted": false, "up_for_trade": false, "Employee": 3, "date": "2019-02-18"}}, {"model": "Scheduling.shift", "pk": 2224, "fields": {"Type": 3, "is_posted": false, "up_for_trade": false, "Employee": 3, "date": "2019-02-25"}}, {"model": "Scheduling.shift", "pk": 2225, "fields": {"Type": 3, "is_posted": false, "up_for_trade": false, "Employee": 3, "date": "2019-03-04"}}, {"model": "Scheduling.shift", "pk": 2226, "fields": {"Type": 3, "is_posted": false, "up_for_trade": false, "Employee": 3, "date": "2019-03-11"}}, {"model": "Scheduling.shift", "pk": 2227, "fields": {"Type": 3, "is_posted": false, "up_for_trade": false, "Employee": 3, "date": "2019-03-18"}}, {"model": "Scheduling.shift", "pk": 2228, "fields": {"Type": 3, "is_posted": false, "up_for_trade": false, "Employee": 3, "date": "2019-03-25"}}, {"model": "Scheduling.shift", "pk": 2229, "fields": {"Type": 3, "is_posted": false, "up_for_trade": false, "Employee": 3, "date": "2019-04-01"}}, {"model": "Scheduling.shift", "pk": 2230, "fields": {"Type": 3, "is_posted": false, "up_for_trade": false, "Employee": 3, "date": "2019-04-08"}}, {"model": "Scheduling.shift", "pk": 2231, "fields": {"Type": 3, "is_posted": false, "up_for_trade": false, "Employee": 3, "date": "2019-04-15"}}, {"model": "Scheduling.shift", "pk": 2232, "fields": {"Type": 3, "is_posted": false, "up_for_trade": false, "Employee": 3, "date": "2019-04-22"}}, {"model": "Scheduling.shift", "pk": 2233, "fields": {"Type": 3, "is_posted": false, "up_for_trade": false, "Employee": 1, "date": "2019-01-08"}}, {"model": "Scheduling.shift", "pk": 2234, "fields": {"Type": 3, "is_posted": false, "up_for_trade": false, "Employee": 1, "date": "2019-01-15"}}, {"model": "Scheduling.shift", "pk": 2235, "fields": {"Type": 3, "is_posted": false, "up_for_trade": false, "Employee": 1, "date": "2019-01-22"}}, {"model": "Scheduling.shift", "pk": 2236, "fields": {"Type": 3, "is_posted": false, "up_for_trade": false, "Employee": 1, "date": "2019-01-29"}}, {"model": "Scheduling.shift", "pk": 2237, "fields": {"Type": 3, "is_posted": false, "up_for_trade": false, "Employee": 1, "date": "2019-02-05"}}, {"model": "Scheduling.shift", "pk": 2238, "fields": {"Type": 3, "is_posted": false, "up_for_trade": false, "Employee": 1, "date": "2019-02-12"}}, {"model": "Scheduling.shift", "pk": 2239, "fields": {"Type": 3, "is_posted": false, "up_for_trade": false, "Employee": 1, "date": "2019-02-19"}}, {"model": "Scheduling.shift", "pk": 2240, "fields": {"Type": 3, "is_posted": false, "up_for_trade": false, "Employee": 1, "date": "2019-02-26"}}, {"model": "Scheduling.shift", "pk": 2241, "fields": {"Type": 3, "is_posted": false, "up_for_trade": false, "Employee": 1, "date": "2019-03-05"}}, {"model": "Scheduling.shift", "pk": 2242, "fields": {"Type": 3, "is_posted": false, "up_for_trade": false, "Employee": 1, "date": "2019-03-12"}}, {"model": "Scheduling.shift", "pk": 2243, "fields": {"Type": 3, "is_posted": false, "up_for_trade": false, "Employee": 1, "date": "2019-03-19"}}, {"model": "Scheduling.shift", "pk": 2244, "fields": {"Type": 3, "is_posted": false, "up_for_trade": false, "Employee": 1, "date": "2019-03-26"}}, {"model": "Scheduling.shift", "pk": 2245, "fields": {"Type": 3, "is_posted": false, "up_for_trade": false, "Employee": 1, "date": "2019-04-02"}}, {"model": "Scheduling.shift", "pk": 2246, "fields": {"Type": 3, "is_posted": false, "up_for_trade": false, "Employee": 1, "date": "2019-04-09"}}, {"model": "Scheduling.shift", "pk": 2247, "fields": {"Type": 3, "is_posted": false, "up_for_trade": false, "Employee": 1, "date": "2019-04-16"}}, {"model": "Scheduling.shift", "pk": 2248, "fields": {"Type": 3, "is_posted": false, "up_for_trade": false, "Employee": 1, "date": "2019-04-23"}}, {"model": "Scheduling.shift", "pk": 2249, "fields": {"Type": 3, "is_posted": false, "up_for_trade": false, "Employee": 4, "date": "2019-01-09"}}, {"model": "Scheduling.shift", "pk": 2250, "fields": {"Type": 3, "is_posted": false, "up_for_trade": false, "Employee": 4, "date": "2019-01-16"}}, {"model": "Scheduling.shift", "pk": 2251, "fields": {"Type": 3, "is_posted": false, "up_for_trade": false, "Employee": 4, "date": "2019-01-23"}}, {"model": "Scheduling.shift", "pk": 2252, "fields": {"Type": 3, "is_posted": false, "up_for_trade": false, "Employee": 4, "date": "2019-01-30"}}, {"model": "Scheduling.shift", "pk": 2253, "fields": {"Type": 3, "is_posted": false, "up_for_trade": false, "Employee": 4, "date": "2019-02-06"}}, {"model": "Scheduling.shift", "pk": 2254, "fields": {"Type": 3, "is_posted": false, "up_for_trade": false, "Employee": 4, "date": "2019-02-13"}}, {"model": "Scheduling.shift", "pk": 2255, "fields": {"Type": 3, "is_posted": false, "up_for_trade": false, "Employee": 4, "date": "2019-02-20"}}, {"model": "Scheduling.shift", "pk": 2256, "fields": {"Type": 3, "is_posted": false, "up_for_trade": false, "Employee": 4, "date": "2019-02-27"}}, {"model": "Scheduling.shift", "pk": 2257, "fields": {"Type": 3, "is_posted": false, "up_for_trade": false, "Employee": 4, "date": "2019-03-06"}}, {"model": "Scheduling.shift", "pk": 2258, "fields": {"Type": 3, "is_posted": false, "up_for_trade": false, "Employee": 4, "date": "2019-03-13"}}, {"model": "Scheduling.shift", "pk": 2259, "fields": {"Type": 3, "is_posted": false, "up_for_trade": false, "Employee": 4, "date": "2019-03-20"}}, {"model": "Scheduling.shift", "pk": 2260, "fields": {"Type": 3, "is_posted": false, "up_for_trade": false, "Employee": 4, "date": "2019-03-27"}}, {"model": "Scheduling.shift", "pk": 2261, "fields": {"Type": 3, "is_posted": false, "up_for_trade": false, "Employee": 4, "date": "2019-04-03"}}, {"model": "Scheduling.shift", "pk": 2262, "fields": {"Type": 3, "is_posted": false, "up_for_trade": false, "Employee": 4, "date": "2019-04-10"}}, {"model": "Scheduling.shift", "pk": 2263, "fields": {"Type": 3, "is_posted": false, "up_for_trade": false, "Employee": 4, "date": "2019-04-17"}}, {"model": "Scheduling.shift", "pk": 2264, "fields": {"Type": 3, "is_posted": false, "up_for_trade": false, "Employee": 4, "date": "2019-04-24"}}, {"model": "Scheduling.shift", "pk": 2265, "fields": {"Type": 3, "is_posted": false, "up_for_trade": false, "Employee": 6, "date": "2019-01-10"}}, {"model": "Scheduling.shift", "pk": 2266, "fields": {"Type": 3, "is_posted": false, "up_for_trade": false, "Employee": 6, "date": "2019-01-17"}}, {"model": "Scheduling.shift", "pk": 2267, "fields": {"Type": 3, "is_posted": false, "up_for_trade": false, "Employee": 6, "date": "2019-01-24"}}, {"model": "Scheduling.shift", "pk": 2268, "fields": {"Type": 3, "is_posted": false, "up_for_trade": false, "Employee": 6, "date": "2019-01-31"}}, {"model": "Scheduling.shift", "pk": 2269, "fields": {"Type": 3, "is_posted": false, "up_for_trade": false, "Employee": 6, "date": "2019-02-07"}}, {"model": "Scheduling.shift", "pk": 2270, "fields": {"Type": 3, "is_posted": false, "up_for_trade": false, "Employee": 6, "date": "2019-02-14"}}, {"model": "Scheduling.shift", "pk": 2271, "fields": {"Type": 3, "is_posted": false, "up_for_trade": false, "Employee": 6, "date": "2019-02-21"}}, {"model": "Scheduling.shift", "pk": 2272, "fields": {"Type": 3, "is_posted": false, "up_for_trade": false, "Employee": 6, "date": "2019-02-28"}}, {"model": "Scheduling.shift", "pk": 2273, "fields": {"Type": 3, "is_posted": false, "up_for_trade": false, "Employee": 6, "date": "2019-03-07"}}, {"model": "Scheduling.shift", "pk": 2274, "fields": {"Type": 3, "is_posted": false, "up_for_trade": false, "Employee": 6, "date": "2019-03-14"}}, {"model": "Scheduling.shift", "pk": 2275, "fields": {"Type": 3, "is_posted": false, "up_for_trade": false, "Employee": 6, "date": "2019-03-21"}}, {"model": "Scheduling.shift", "pk": 2276, "fields": {"Type": 3, "is_posted": false, "up_for_trade": false, "Employee": 6, "date": "2019-03-28"}}, {"model": "Scheduling.shift", "pk": 2277, "fields": {"Type": 3, "is_posted": false, "up_for_trade": false, "Employee": 6, "date": "2019-04-04"}}, {"model": "Scheduling.shift", "pk": 2278, "fields": {"Type": 3, "is_posted": false, "up_for_trade": false, "Employee": 6, "date": "2019-04-11"}}, {"model": "Scheduling.shift", "pk": 2279, "fields": {"Type": 3, "is_posted": false, "up_for_trade": false, "Employee": 6, "date": "2019-04-18"}}, {"model": "Scheduling.shift", "pk": 2280, "fields": {"Type": 3, "is_posted": false, "up_for_trade": false, "Employee": 6, "date": "2019-04-25"}}, {"model": "Scheduling.shift", "pk": 2281, "fields": {"Type": 3, "is_posted": false, "up_for_trade": false, "Employee": 2, "date": "2019-01-11"}}, {"model": "Scheduling.shift", "pk": 2282, "fields": {"Type": 3, "is_posted": false, "up_for_trade": false, "Employee": 2, "date": "2019-01-18"}}, {"model": "Scheduling.shift", "pk": 2283, "fields": {"Type": 3, "is_posted": false, "up_for_trade": false, "Employee": 2, "date": "2019-01-25"}}, {"model": "Scheduling.shift", "pk": 2284, "fields": {"Type": 3, "is_posted": false, "up_for_trade": false, "Employee": 2, "date": "2019-02-01"}}, {"model": "Scheduling.shift", "pk": 2285, "fields": {"Type": 3, "is_posted": false, "up_for_trade": false, "Employee": 2, "date": "2019-02-08"}}, {"model": "Scheduling.shift", "pk": 2286, "fields": {"Type": 3, "is_posted": false, "up_for_trade": false, "Employee": 2, "date": "2019-02-15"}}, {"model": "Scheduling.shift", "pk": 2287, "fields": {"Type": 3, "is_posted": false, "up_for_trade": false, "Employee": 2, "date": "2019-02-22"}}, {"model": "Scheduling.shift", "pk": 2288, "fields": {"Type": 3, "is_posted": false, "up_for_trade": false, "Employee": 2, "date": "2019-03-01"}}, {"model": "Scheduling.shift", "pk": 2289, "fields": {"Type": 3, "is_posted": false, "up_for_trade": false, "Employee": 2, "date": "2019-03-08"}}, {"model": "Scheduling.shift", "pk": 2290, "fields": {"Type": 3, "is_posted": false, "up_for_trade": false, "Employee": 2, "date": "2019-03-15"}}, {"model": "Scheduling.shift", "pk": 2291, "fields": {"Type": 3, "is_posted": false, "up_for_trade": false, "Employee": 2, "date": "2019-03-22"}}, {"model": "Scheduling.shift", "pk": 2292, "fields": {"Type": 3, "is_posted": false, "up_for_trade": false, "Employee": 2, "date": "2019-03-29"}}, {"model": "Scheduling.shift", "pk": 2293, "fields": {"Type": 3, "is_posted": false, "up_for_trade": false, "Employee": 2, "date": "2019-04-05"}}, {"model": "Scheduling.shift", "pk": 2294, "fields": {"Type": 3, "is_posted": false, "up_for_trade": false, "Employee": 2, "date": "2019-04-12"}}, {"model": "Scheduling.shift", "pk": 2295, "fields": {"Type": 3, "is_posted": false, "up_for_trade": false, "Employee": 2, "date": "2019-04-19"}}, {"model": "Scheduling.shift", "pk": 2296, "fields": {"Type": 3, "is_posted": false, "up_for_trade": false, "Employee": 1, "date": "2019-01-07"}}, {"model": "Scheduling.shift", "pk": 2297, "fields": {"Type": 3, "is_posted": false, "up_for_trade": false, "Employee": 1, "date": "2019-01-14"}}, {"model": "Scheduling.shift", "pk": 2298, "fields": {"Type": 3, "is_posted": false, "up_for_trade": false, "Employee": 1, "date": "2019-01-21"}}, {"model": "Scheduling.shift", "pk": 2299, "fields": {"Type": 3, "is_posted": false, "up_for_trade": false, "Employee": 1, "date": "2019-01-28"}}, {"model": "Scheduling.shift", "pk": 2300, "fields": {"Type": 3, "is_posted": false, "up_for_trade": false, "Employee": 1, "date": "2019-02-04"}}, {"model": "Scheduling.shift", "pk": 2301, "fields": {"Type": 3, "is_posted": false, "up_for_trade": false, "Employee": 1, "date": "2019-02-11"}}, {"model": "Scheduling.shift", "pk": 2302, "fields": {"Type": 3, "is_posted": false, "up_for_trade": false, "Employee": 1, "date": "2019-02-18"}}, {"model": "Scheduling.shift", "pk": 2303, "fields": {"Type": 3, "is_posted": false, "up_for_trade": false, "Employee": 1, "date": "2019-02-25"}}, {"model": "Scheduling.shift", "pk": 2304, "fields": {"Type": 3, "is_posted": false, "up_for_trade": false, "Employee": 1, "date": "2019-03-04"}}, {"model": "Scheduling.shift", "pk": 2305, "fields": {"Type": 3, "is_posted": false, "up_for_trade": false, "Employee": 1, "date": "2019-03-11"}}, {"model": "Scheduling.shift", "pk": 2306, "fields": {"Type": 3, "is_posted": false, "up_for_trade": false, "Employee": 1, "date": "2019-03-18"}}, {"model": "Scheduling.shift", "pk": 2307, "fields": {"Type": 3, "is_posted": false, "up_for_trade": false, "Employee": 1, "date": "2019-03-25"}}, {"model": "Scheduling.shift", "pk": 2308, "fields": {"Type": 3, "is_posted": false, "up_for_trade": false, "Employee": 1, "date": "2019-04-01"}}, {"model": "Scheduling.shift", "pk": 2309, "fields": {"Type": 3, "is_posted": false, "up_for_trade": false, "Employee": 1, "date": "2019-04-08"}}, {"model": "Scheduling.shift", "pk": 2310, "fields": {"Type": 3, "is_posted": false, "up_for_trade": false, "Employee": 1, "date": "2019-04-15"}}, {"model": "Scheduling.shift", "pk": 2311, "fields": {"Type": 3, "is_posted": false, "up_for_trade": false, "Employee": 1, "date": "2019-04-22"}}, {"model": "Scheduling.shift", "pk": 2312, "fields": {"Type": 3, "is_posted": false, "up_for_trade": false, "Employee": 6, "date": "2019-01-08"}}, {"model": "Scheduling.shift", "pk": 2313, "fields": {"Type": 3, "is_posted": false, "up_for_trade": false, "Employee": 6, "date": "2019-01-15"}}, {"model": "Scheduling.shift", "pk": 2314, "fields": {"Type": 3, "is_posted": false, "up_for_trade": false, "Employee": 6, "date": "2019-01-22"}}, {"model": "Scheduling.shift", "pk": 2315, "fields": {"Type": 3, "is_posted": false, "up_for_trade": false, "Employee": 6, "date": "2019-01-29"}}, {"model": "Scheduling.shift", "pk": 2316, "fields": {"Type": 3, "is_posted": false, "up_for_trade": false, "Employee": 6, "date": "2019-02-05"}}, {"model": "Scheduling.shift", "pk": 2317, "fields": {"Type": 3, "is_posted": false, "up_for_trade": false, "Employee": 6, "date": "2019-02-12"}}, {"model": "Scheduling.shift", "pk": 2318, "fields": {"Type": 3, "is_posted": false, "up_for_trade": false, "Employee": 6, "date": "2019-02-19"}}, {"model": "Scheduling.shift", "pk": 2319, "fields": {"Type": 3, "is_posted": false, "up_for_trade": false, "Employee": 6, "date": "2019-02-26"}}, {"model": "Scheduling.shift", "pk": 2320, "fields": {"Type": 3, "is_posted": false, "up_for_trade": false, "Employee": 6, "date": "2019-03-05"}}, {"model": "Scheduling.shift", "pk": 2321, "fields": {"Type": 3, "is_posted": false, "up_for_trade": false, "Employee": 6, "date": "2019-03-12"}}, {"model": "Scheduling.shift", "pk": 2322, "fields": {"Type": 3, "is_posted": false, "up_for_trade": false, "Employee": 6, "date": "2019-03-19"}}, {"model": "Scheduling.shift", "pk": 2323, "fields": {"Type": 3, "is_posted": false, "up_for_trade": false, "Employee": 6, "date": "2019-03-26"}}, {"model": "Scheduling.shift", "pk": 2324, "fields": {"Type": 3, "is_posted": false, "up_for_trade": false, "Employee": 6, "date": "2019-04-02"}}, {"model": "Scheduling.shift", "pk": 2325, "fields": {"Type": 3, "is_posted": false, "up_for_trade": false, "Employee": 6, "date": "2019-04-09"}}, {"model": "Scheduling.shift", "pk": 2326, "fields": {"Type": 3, "is_posted": false, "up_for_trade": false, "Employee": 6, "date": "2019-04-16"}}, {"model": "Scheduling.shift", "pk": 2327, "fields": {"Type": 3, "is_posted": false, "up_for_trade": false, "Employee": 6, "date": "2019-04-23"}}, {"model": "Scheduling.shift", "pk": 2328, "fields": {"Type": 3, "is_posted": false, "up_for_trade": false, "Employee": 3, "date": "2019-01-09"}}, {"model": "Scheduling.shift", "pk": 2329, "fields": {"Type": 3, "is_posted": false, "up_for_trade": false, "Employee": 3, "date": "2019-01-16"}}, {"model": "Scheduling.shift", "pk": 2330, "fields": {"Type": 3, "is_posted": false, "up_for_trade": false, "Employee": 3, "date": "2019-01-23"}}, {"model": "Scheduling.shift", "pk": 2331, "fields": {"Type": 3, "is_posted": false, "up_for_trade": false, "Employee": 3, "date": "2019-01-30"}}, {"model": "Scheduling.shift", "pk": 2332, "fields": {"Type": 3, "is_posted": false, "up_for_trade": false, "Employee": 3, "date": "2019-02-06"}}, {"model": "Scheduling.shift", "pk": 2333, "fields": {"Type": 3, "is_posted": false, "up_for_trade": false, "Employee": 3, "date": "2019-02-13"}}, {"model": "Scheduling.shift", "pk": 2334, "fields": {"Type": 3, "is_posted": false, "up_for_trade": false, "Employee": 3, "date": "2019-02-20"}}, {"model": "Scheduling.shift", "pk": 2335, "fields": {"Type": 3, "is_posted": false, "up_for_trade": false, "Employee": 3, "date": "2019-02-27"}}, {"model": "Scheduling.shift", "pk": 2336, "fields": {"Type": 3, "is_posted": false, "up_for_trade": false, "Employee": 3, "date": "2019-03-06"}}, {"model": "Scheduling.shift", "pk": 2337, "fields": {"Type": 3, "is_posted": false, "up_for_trade": false, "Employee": 3, "date": "2019-03-13"}}, {"model": "Scheduling.shift", "pk": 2338, "fields": {"Type": 3, "is_posted": false, "up_for_trade": false, "Employee": 3, "date": "2019-03-20"}}, {"model": "Scheduling.shift", "pk": 2339, "fields": {"Type": 3, "is_posted": false, "up_for_trade": false, "Employee": 3, "date": "2019-03-27"}}, {"model": "Scheduling.shift", "pk": 2340, "fields": {"Type": 3, "is_posted": false, "up_for_trade": false, "Employee": 3, "date": "2019-04-03"}}, {"model": "Scheduling.shift", "pk": 2341, "fields": {"Type": 3, "is_posted": false, "up_for_trade": false, "Employee": 3, "date": "2019-04-10"}}, {"model": "Scheduling.shift", "pk": 2342, "fields": {"Type": 3, "is_posted": false, "up_for_trade": false, "Employee": 3, "date": "2019-04-17"}}, {"model": "Scheduling.shift", "pk": 2343, "fields": {"Type": 3, "is_posted": false, "up_for_trade": false, "Employee": 3, "date": "2019-04-24"}}, {"model": "Scheduling.shift", "pk": 2344, "fields": {"Type": 3, "is_posted": false, "up_for_trade": false, "Employee": 1, "date": "2019-01-10"}}, {"model": "Scheduling.shift", "pk": 2345, "fields": {"Type": 3, "is_posted": false, "up_for_trade": false, "Employee": 1, "date": "2019-01-17"}}, {"model": "Scheduling.shift", "pk": 2346, "fields": {"Type": 3, "is_posted": false, "up_for_trade": false, "Employee": 1, "date": "2019-01-24"}}, {"model": "Scheduling.shift", "pk": 2347, "fields": {"Type": 3, "is_posted": false, "up_for_trade": false, "Employee": 1, "date": "2019-01-31"}}, {"model": "Scheduling.shift", "pk": 2348, "fields": {"Type": 3, "is_posted": false, "up_for_trade": false, "Employee": 1, "date": "2019-02-07"}}, {"model": "Scheduling.shift", "pk": 2349, "fields": {"Type": 3, "is_posted": false, "up_for_trade": false, "Employee": 1, "date": "2019-02-14"}}, {"model": "Scheduling.shift", "pk": 2350, "fields": {"Type": 3, "is_posted": false, "up_for_trade": false, "Employee": 1, "date": "2019-02-21"}}, {"model": "Scheduling.shift", "pk": 2351, "fields": {"Type": 3, "is_posted": false, "up_for_trade": false, "Employee": 1, "date": "2019-02-28"}}, {"model": "Scheduling.shift", "pk": 2352, "fields": {"Type": 3, "is_posted": false, "up_for_trade": false, "Employee": 1, "date": "2019-03-07"}}, {"model": "Scheduling.shift", "pk": 2353, "fields": {"Type": 3, "is_posted": false, "up_for_trade": false, "Employee": 1, "date": "2019-03-14"}}, {"model": "Scheduling.shift", "pk": 2354, "fields": {"Type": 3, "is_posted": false, "up_for_trade": false, "Employee": 1, "date": "2019-03-21"}}, {"model": "Scheduling.shift", "pk": 2355, "fields": {"Type": 3, "is_posted": false, "up_for_trade": false, "Employee": 1, "date": "2019-03-28"}}, {"model": "Scheduling.shift", "pk": 2356, "fields": {"Type": 3, "is_posted": false, "up_for_trade": false, "Employee": 1, "date": "2019-04-04"}}, {"model": "Scheduling.shift", "pk": 2357, "fields": {"Type": 3, "is_posted": false, "up_for_trade": false, "Employee": 1, "date": "2019-04-11"}}, {"model": "Scheduling.shift", "pk": 2358, "fields": {"Type": 3, "is_posted": false, "up_for_trade": false, "Employee": 1, "date": "2019-04-18"}}, {"model": "Scheduling.shift", "pk": 2359, "fields": {"Type": 3, "is_posted": false, "up_for_trade": false, "Employee": 1, "date": "2019-04-25"}}, {"model": "Scheduling.shift", "pk": 2360, "fields": {"Type": 3, "is_posted": false, "up_for_trade": false, "Employee": 4, "date": "2019-01-11"}}, {"model": "Scheduling.shift", "pk": 2361, "fields": {"Type": 3, "is_posted": false, "up_for_trade": false, "Employee": 4, "date": "2019-01-18"}}, {"model": "Scheduling.shift", "pk": 2362, "fields": {"Type": 3, "is_posted": false, "up_for_trade": false, "Employee": 4, "date": "2019-01-25"}}, {"model": "Scheduling.shift", "pk": 2363, "fields": {"Type": 3, "is_posted": false, "up_for_trade": false, "Employee": 4, "date": "2019-02-01"}}, {"model": "Scheduling.shift", "pk": 2364, "fields": {"Type": 3, "is_posted": false, "up_for_trade": false, "Employee": 4, "date": "2019-02-08"}}, {"model": "Scheduling.shift", "pk": 2365, "fields": {"Type": 3, "is_posted": false, "up_for_trade": false, "Employee": 4, "date": "2019-02-15"}}, {"model": "Scheduling.shift", "pk": 2366, "fields": {"Type": 3, "is_posted": false, "up_for_trade": false, "Employee": 4, "date": "2019-02-22"}}, {"model": "Scheduling.shift", "pk": 2367, "fields": {"Type": 3, "is_posted": false, "up_for_trade": false, "Employee": 4, "date": "2019-03-01"}}, {"model": "Scheduling.shift", "pk": 2368, "fields": {"Type": 3, "is_posted": false, "up_for_trade": false, "Employee": 4, "date": "2019-03-08"}}, {"model": "Scheduling.shift", "pk": 2369, "fields": {"Type": 3, "is_posted": false, "up_for_trade": false, "Employee": 4, "date": "2019-03-15"}}, {"model": "Scheduling.shift", "pk": 2370, "fields": {"Type": 3, "is_posted": false, "up_for_trade": false, "Employee": 4, "date": "2019-03-22"}}, {"model": "Scheduling.shift", "pk": 2371, "fields": {"Type": 3, "is_posted": false, "up_for_trade": false, "Employee": 4, "date": "2019-03-29"}}, {"model": "Scheduling.shift", "pk": 2372, "fields": {"Type": 3, "is_posted": false, "up_for_trade": false, "Employee": 4, "date": "2019-04-05"}}, {"model": "Scheduling.shift", "pk": 2373, "fields": {"Type": 3, "is_posted": false, "up_for_trade": false, "Employee": 4, "date": "2019-04-12"}}, {"model": "Scheduling.shift", "pk": 2374, "fields": {"Type": 3, "is_posted": false, "up_for_trade": false, "Employee": 4, "date": "2019-04-19"}}, {"model": "Scheduling.shift", "pk": 2375, "fields": {"Type": 3, "is_posted": false, "up_for_trade": false, "Employee": 2, "date": "2019-01-07"}}, {"model": "Scheduling.shift", "pk": 2376, "fields": {"Type": 3, "is_posted": false, "up_for_trade": false, "Employee": 2, "date": "2019-01-14"}}, {"model": "Scheduling.shift", "pk": 2377, "fields": {"Type": 3, "is_posted": false, "up_for_trade": false, "Employee": 2, "date": "2019-01-21"}}, {"model": "Scheduling.shift", "pk": 2378, "fields": {"Type": 3, "is_posted": false, "up_for_trade": false, "Employee": 2, "date": "2019-01-28"}}, {"model": "Scheduling.shift", "pk": 2379, "fields": {"Type": 3, "is_posted": false, "up_for_trade": false, "Employee": 2, "date": "2019-02-04"}}, {"model": "Scheduling.shift", "pk": 2380, "fields": {"Type": 3, "is_posted": false, "up_for_trade": false, "Employee": 2, "date": "2019-02-11"}}, {"model": "Scheduling.shift", "pk": 2381, "fields": {"Type": 3, "is_posted": false, "up_for_trade": false, "Employee": 2, "date": "2019-02-18"}}, {"model": "Scheduling.shift", "pk": 2382, "fields": {"Type": 3, "is_posted": false, "up_for_trade": false, "Employee": 2, "date": "2019-02-25"}}, {"model": "Scheduling.shift", "pk": 2383, "fields": {"Type": 3, "is_posted": false, "up_for_trade": false, "Employee": 2, "date": "2019-03-04"}}, {"model": "Scheduling.shift", "pk": 2384, "fields": {"Type": 3, "is_posted": false, "up_for_trade": false, "Employee": 2, "date": "2019-03-11"}}, {"model": "Scheduling.shift", "pk": 2385, "fields": {"Type": 3, "is_posted": false, "up_for_trade": false, "Employee": 2, "date": "2019-03-18"}}, {"model": "Scheduling.shift", "pk": 2386, "fields": {"Type": 3, "is_posted": false, "up_for_trade": false, "Employee": 2, "date": "2019-03-25"}}, {"model": "Scheduling.shift", "pk": 2387, "fields": {"Type": 3, "is_posted": false, "up_for_trade": false, "Employee": 2, "date": "2019-04-01"}}, {"model": "Scheduling.shift", "pk": 2388, "fields": {"Type": 3, "is_posted": false, "up_for_trade": false, "Employee": 2, "date": "2019-04-08"}}, {"model": "Scheduling.shift", "pk": 2389, "fields": {"Type": 3, "is_posted": false, "up_for_trade": false, "Employee": 2, "date": "2019-04-15"}}, {"model": "Scheduling.shift", "pk": 2390, "fields": {"Type": 3, "is_posted": false, "up_for_trade": false, "Employee": 2, "date": "2019-04-22"}}, {"model": "Scheduling.shift", "pk": 2391, "fields": {"Type": 3, "is_posted": false, "up_for_trade": false, "Employee": 2, "date": "2019-01-09"}}, {"model": "Scheduling.shift", "pk": 2392, "fields": {"Type": 3, "is_posted": false, "up_for_trade": false, "Employee": 2, "date": "2019-01-16"}}, {"model": "Scheduling.shift", "pk": 2393, "fields": {"Type": 3, "is_posted": false, "up_for_trade": false, "Employee": 2, "date": "2019-01-23"}}, {"model": "Scheduling.shift", "pk": 2394, "fields": {"Type": 3, "is_posted": false, "up_for_trade": false, "Employee": 2, "date": "2019-01-30"}}, {"model": "Scheduling.shift", "pk": 2395, "fields": {"Type": 3, "is_posted": false, "up_for_trade": false, "Employee": 2, "date": "2019-02-06"}}, {"model": "Scheduling.shift", "pk": 2396, "fields": {"Type": 3, "is_posted": false, "up_for_trade": false, "Employee": 2, "date": "2019-02-13"}}, {"model": "Scheduling.shift", "pk": 2397, "fields": {"Type": 3, "is_posted": false, "up_for_trade": false, "Employee": 2, "date": "2019-02-20"}}, {"model": "Scheduling.shift", "pk": 2398, "fields": {"Type": 3, "is_posted": false, "up_for_trade": false, "Employee": 2, "date": "2019-02-27"}}, {"model": "Scheduling.shift", "pk": 2399, "fields": {"Type": 3, "is_posted": false, "up_for_trade": false, "Employee": 2, "date": "2019-03-06"}}, {"model": "Scheduling.shift", "pk": 2400, "fields": {"Type": 3, "is_posted": false, "up_for_trade": false, "Employee": 2, "date": "2019-03-13"}}, {"model": "Scheduling.shift", "pk": 2401, "fields": {"Type": 3, "is_posted": false, "up_for_trade": false, "Employee": 2, "date": "2019-03-20"}}, {"model": "Scheduling.shift", "pk": 2402, "fields": {"Type": 3, "is_posted": false, "up_for_trade": false, "Employee": 2, "date": "2019-03-27"}}, {"model": "Scheduling.shift", "pk": 2403, "fields": {"Type": 3, "is_posted": false, "up_for_trade": false, "Employee": 2, "date": "2019-04-03"}}, {"model": "Scheduling.shift", "pk": 2404, "fields": {"Type": 3, "is_posted": false, "up_for_trade": false, "Employee": 2, "date": "2019-04-10"}}, {"model": "Scheduling.shift", "pk": 2405, "fields": {"Type": 3, "is_posted": false, "up_for_trade": false, "Employee": 2, "date": "2019-04-17"}}, {"model": "Scheduling.shift", "pk": 2406, "fields": {"Type": 3, "is_posted": false, "up_for_trade": false, "Employee": 2, "date": "2019-04-24"}}, {"model": "Scheduling.shift", "pk": 2407, "fields": {"Type": 3, "is_posted": false, "up_for_trade": false, "Employee": 3, "date": "2019-01-11"}}, {"model": "Scheduling.shift", "pk": 2408, "fields": {"Type": 3, "is_posted": false, "up_for_trade": false, "Employee": 3, "date": "2019-01-18"}}, {"model": "Scheduling.shift", "pk": 2409, "fields": {"Type": 3, "is_posted": false, "up_for_trade": false, "Employee": 3, "date": "2019-01-25"}}, {"model": "Scheduling.shift", "pk": 2410, "fields": {"Type": 3, "is_posted": false, "up_for_trade": false, "Employee": 3, "date": "2019-02-01"}}, {"model": "Scheduling.shift", "pk": 2411, "fields": {"Type": 3, "is_posted": false, "up_for_trade": false, "Employee": 3, "date": "2019-02-08"}}, {"model": "Scheduling.shift", "pk": 2412, "fields": {"Type": 3, "is_posted": false, "up_for_trade": false, "Employee": 3, "date": "2019-02-15"}}, {"model": "Scheduling.shift", "pk": 2413, "fields": {"Type": 3, "is_posted": false, "up_for_trade": false, "Employee": 3, "date": "2019-02-22"}}, {"model": "Scheduling.shift", "pk": 2414, "fields": {"Type": 3, "is_posted": false, "up_for_trade": false, "Employee": 3, "date": "2019-03-01"}}, {"model": "Scheduling.shift", "pk": 2415, "fields": {"Type": 3, "is_posted": false, "up_for_trade": false, "Employee": 3, "date": "2019-03-08"}}, {"model": "Scheduling.shift", "pk": 2416, "fields": {"Type": 3, "is_posted": false, "up_for_trade": false, "Employee": 3, "date": "2019-03-15"}}, {"model": "Scheduling.shift", "pk": 2417, "fields": {"Type": 3, "is_posted": false, "up_for_trade": false, "Employee": 3, "date": "2019-03-22"}}, {"model": "Scheduling.shift", "pk": 2418, "fields": {"Type": 3, "is_posted": false, "up_for_trade": false, "Employee": 3, "date": "2019-03-29"}}, {"model": "Scheduling.shift", "pk": 2419, "fields": {"Type": 3, "is_posted": false, "up_for_trade": false, "Employee": 3, "date": "2019-04-05"}}, {"model": "Scheduling.shift", "pk": 2420, "fields": {"Type": 3, "is_posted": false, "up_for_trade": false, "Employee": 3, "date": "2019-04-12"}}, {"model": "Scheduling.shift", "pk": 2421, "fields": {"Type": 3, "is_posted": false, "up_for_trade": false, "Employee": 3, "date": "2019-04-19"}}, {"model": "Scheduling.shift", "pk": 2422, "fields": {"Type": 2, "is_posted": false, "up_for_trade": false, "Employee": 4, "date": "2019-01-09"}}, {"model": "Scheduling.shift", "pk": 2423, "fields": {"Type": 2, "is_posted": false, "up_for_trade": false, "Employee": 4, "date": "2019-01-16"}}, {"model": "Scheduling.shift", "pk": 2424, "fields": {"Type": 2, "is_posted": false, "up_for_trade": false, "Employee": 4, "date": "2019-01-23"}}, {"model": "Scheduling.shift", "pk": 2425, "fields": {"Type": 2, "is_posted": false, "up_for_trade": false, "Employee": 4, "date": "2019-01-30"}}, {"model": "Scheduling.shift", "pk": 2426, "fields": {"Type": 2, "is_posted": false, "up_for_trade": false, "Employee": 4, "date": "2019-02-06"}}, {"model": "Scheduling.shift", "pk": 2427, "fields": {"Type": 2, "is_posted": false, "up_for_trade": false, "Employee": 4, "date": "2019-02-13"}}, {"model": "Scheduling.shift", "pk": 2428, "fields": {"Type": 2, "is_posted": false, "up_for_trade": false, "Employee": 4, "date": "2019-02-20"}}, {"model": "Scheduling.shift", "pk": 2429, "fields": {"Type": 2, "is_posted": false, "up_for_trade": false, "Employee": 4, "date": "2019-02-27"}}, {"model": "Scheduling.shift", "pk": 2430, "fields": {"Type": 2, "is_posted": false, "up_for_trade": false, "Employee": 4, "date": "2019-03-06"}}, {"model": "Scheduling.shift", "pk": 2431, "fields": {"Type": 2, "is_posted": false, "up_for_trade": false, "Employee": 4, "date": "2019-03-13"}}, {"model": "Scheduling.shift", "pk": 2432, "fields": {"Type": 2, "is_posted": false, "up_for_trade": false, "Employee": 4, "date": "2019-03-20"}}, {"model": "Scheduling.shift", "pk": 2433, "fields": {"Type": 2, "is_posted": false, "up_for_trade": false, "Employee": 4, "date": "2019-03-27"}}, {"model": "Scheduling.shift", "pk": 2434, "fields": {"Type": 2, "is_posted": false, "up_for_trade": false, "Employee": 4, "date": "2019-04-03"}}, {"model": "Scheduling.shift", "pk": 2435, "fields": {"Type": 2, "is_posted": false, "up_for_trade": false, "Employee": 4, "date": "2019-04-10"}}, {"model": "Scheduling.shift", "pk": 2436, "fields": {"Type": 2, "is_posted": false, "up_for_trade": false, "Employee": 4, "date": "2019-04-17"}}, {"model": "Scheduling.shift", "pk": 2437, "fields": {"Type": 2, "is_posted": false, "up_for_trade": false, "Employee": 4, "date": "2019-04-24"}}, {"model": "Scheduling.availability", "pk": 16, "fields": {"ShiftType": 1, "employee": 1, "days": [1, 2, 4, 5]}}, {"model": "Scheduling.availability", "pk": 17, "fields": {"ShiftType": 2, "employee": 1, "days": [2, 4, 5]}}, {"model": "Scheduling.availability", "pk": 18, "fields": {"ShiftType": 3, "employee": 1, "days": [1, 2, 3, 4, 5]}}, {"model": "Scheduling.availability", "pk": 19, "fields": {"ShiftType": 1, "employee": 4, "days": [2, 4]}}, {"model": "Scheduling.availability", "pk": 20, "fields": {"ShiftType": 2, "employee": 4, "days": [2, 4]}}, {"model": "Scheduling.availability", "pk": 21, "fields": {"ShiftType": 3, "employee": 4, "days": [1, 3, 5]}}, {"model": "Scheduling.availability", "pk": 22, "fields": {"ShiftType": 1, "employee": 2, "days": [1, 5]}}, {"model": "Scheduling.availability", "pk": 23, "fields": {"ShiftType": 2, "employee": 2, "days": [1, 2, 4]}}, {"model": "Scheduling.availability", "pk": 24, "fields": {"ShiftType": 3, "employee": 2, "days": [1, 3, 5]}}, {"model": "Scheduling.availability", "pk": 25, "fields": {"ShiftType": 1, "employee": 3, "days": [1, 5]}}, {"model": "Scheduling.availability", "pk": 26, "fields": {"ShiftType": 2, "employee": 3, "days": [1, 2, 5]}}, {"model": "Scheduling.availability", "pk": 27, "fields": {"ShiftType": 3, "employee": 3, "days": [1, 3, 5]}}, {"model": "Scheduling.availability", "pk": 28, "fields": {"ShiftType": 1, "employee": 6, "days": [3, 4, 5]}}, {"model": "Scheduling.availability", "pk": 29, "fields": {"ShiftType": 2, "employee": 6, "days": [2, 3, 4, 5]}}, {"model": "Scheduling.availability", "pk": 30, "fields": {"ShiftType": 3, "employee": 6, "days": [1, 2, 3, 4, 5]}}, {"model": "Scheduling.scheduleperiod", "pk": 1, "fields": {"start_date": "2018-12-31", "end_date": "2019-04-26", "House": 1}}]