[{"model": "Scheduling.days", "pk": 1, "fields": {"day": "Monday"}}, {"model": "Scheduling.days", "pk": 2, "fields": {"day": "Tuesday"}}, {"model": "Scheduling.days", "pk": 3, "fields": {"day": "Wednesday"}}, {"model": "Scheduling.days", "pk": 4, "fields": {"day": "Thursday"}}, {"model": "Scheduling.days", "pk": 5, "fields": {"day": "Friday"}}, {"model": "Scheduling.shifttype", "pk": 1, "fields": {"house": 1, "label": "Breakfast", "start_time": "10:00:00", "end_time": "11:00:00", "number_of_employees": 1}}, {"model": "Scheduling.shifttype", "pk": 2, "fields": {"house": 1, "label": "Lunch", "start_time": "11:00:00", "end_time": "14:00:00", "number_of_employees": 2}}, {"model": "Scheduling.shifttype", "pk": 3, "fields": {"house": 1, "label": "Dinner", "start_time": "16:00:00", "end_time": "19:00:00", "number_of_employees": 3}}, {"model": "Scheduling.shift", "pk": 30, "fields": {"Type": 1, "up_for_trade": false, "Employee": 1, "date": "2018-12-24"}}, {"model": "Scheduling.shift", "pk": 31, "fields": {"Type": 1, "up_for_trade": false, "Employee": 2, "date": "2018-12-25"}}, {"model": "Scheduling.shift", "pk": 32, "fields": {"Type": 1, "up_for_trade": false, "Employee": 3, "date": "2018-12-26"}}, {"model": "Scheduling.shift", "pk": 33, "fields": {"Type": 1, "up_for_trade": false, "Employee": 4, "date": "2018-12-27"}}, {"model": "Scheduling.shift", "pk": 34, "fields": {"Type": 1, "up_for_trade": false, "Employee": 1, "date": "2018-12-28"}}, {"model": "Scheduling.shift", "pk": 35, "fields": {"Type": 2, "up_for_trade": false, "Employee": 2, "date": "2018-12-24"}}, {"model": "Scheduling.shift", "pk": 36, "fields": {"Type": 2, "up_for_trade": false, "Employee": 3, "date": "2018-12-25"}}, {"model": "Scheduling.shift", "pk": 37, "fields": {"Type": 2, "up_for_trade": false, "Employee": 4, "date": "2018-12-26"}}, {"model": "Scheduling.shift", "pk": 38, "fields": {"Type": 2, "up_for_trade": false, "Employee": 1, "date": "2018-12-27"}}, {"model": "Scheduling.shift", "pk": 39, "fields": {"Type": 2, "up_for_trade": false, "Employee": 2, "date": "2018-12-28"}}, {"model": "Scheduling.shift", "pk": 40, "fields": {"Type": 2, "up_for_trade": false, "Employee": 3, "date": "2018-12-24"}}, {"model": "Scheduling.shift", "pk": 41, "fields": {"Type": 2, "up_for_trade": false, "Employee": 4, "date": "2018-12-25"}}, {"model": "Scheduling.shift", "pk": 42, "fields": {"Type": 2, "up_for_trade": false, "Employee": 1, "date": "2018-12-26"}}, {"model": "Scheduling.shift", "pk": 43, "fields": {"Type": 2, "up_for_trade": false, "Employee": 2, "date": "2018-12-27"}}, {"model": "Scheduling.shift", "pk": 44, "fields": {"Type": 2, "up_for_trade": false, "Employee": 3, "date": "2018-12-28"}}, {"model": "Scheduling.shift", "pk": 45, "fields": {"Type": 3, "up_for_trade": false, "Employee": 1, "date": "2018-12-24"}}, {"model": "Scheduling.shift", "pk": 46, "fields": {"Type": 3, "up_for_trade": false, "Employee": 2, "date": "2018-12-25"}}, {"model": "Scheduling.shift", "pk": 47, "fields": {"Type": 3, "up_for_trade": false, "Employee": 3, "date": "2018-12-26"}}, {"model": "Scheduling.shift", "pk": 48, "fields": {"Type": 3, "up_for_trade": false, "Employee": 4, "date": "2018-12-27"}}, {"model": "Scheduling.shift", "pk": 49, "fields": {"Type": 3, "up_for_trade": false, "Employee": 4, "date": "2018-12-28"}}, {"model": "Scheduling.shift", "pk": 50, "fields": {"Type": 3, "up_for_trade": false, "Employee": 2, "date": "2018-12-24"}}, {"model": "Scheduling.shift", "pk": 51, "fields": {"Type": 3, "up_for_trade": false, "Employee": 3, "date": "2018-12-25"}}, {"model": "Scheduling.shift", "pk": 52, "fields": {"Type": 3, "up_for_trade": false, "Employee": 4, "date": "2018-12-26"}}, {"model": "Scheduling.shift", "pk": 53, "fields": {"Type": 3, "up_for_trade": false, "Employee": 1, "date": "2018-12-27"}}, {"model": "Scheduling.shift", "pk": 54, "fields": {"Type": 3, "up_for_trade": false, "Employee": 1, "date": "2018-12-28"}}, {"model": "Scheduling.shift", "pk": 55, "fields": {"Type": 3, "up_for_trade": false, "Employee": 4, "date": "2018-12-24"}}, {"model": "Scheduling.shift", "pk": 56, "fields": {"Type": 3, "up_for_trade": false, "Employee": 1, "date": "2018-12-25"}}, {"model": "Scheduling.shift", "pk": 57, "fields": {"Type": 3, "up_for_trade": false, "Employee": 2, "date": "2018-12-26"}}, {"model": "Scheduling.shift", "pk": 58, "fields": {"Type": 3, "up_for_trade": false, "Employee": 2, "date": "2018-12-27"}}, {"model": "Scheduling.shift", "pk": 60, "fields": {"Type": 3, "up_for_trade": false, "Employee": 2, "date": "2018-12-28"}}, {"model": "Scheduling.availability", "pk": 1, "fields": {"ShiftType": 1, "employee": 1, "days": [1, 2, 3, 4, 5]}}, {"model": "Scheduling.availability", "pk": 2, "fields": {"ShiftType": 2, "employee": 1, "days": [2, 4]}}, {"model": "Scheduling.availability", "pk": 3, "fields": {"ShiftType": 3, "employee": 1, "days": [1, 3, 5]}}, {"model": "Scheduling.availability", "pk": 4, "fields": {"ShiftType": 1, "employee": 4, "days": [1, 2, 4, 5]}}, {"model": "Scheduling.availability", "pk": 5, "fields": {"ShiftType": 2, "employee": 4, "days": [2, 3, 4]}}, {"model": "Scheduling.availability", "pk": 6, "fields": {"ShiftType": 3, "employee": 4, "days": [1, 3, 5]}}, {"model": "Scheduling.availability", "pk": 7, "fields": {"ShiftType": 1, "employee": 3, "days": [1, 5]}}, {"model": "Scheduling.availability", "pk": 8, "fields": {"ShiftType": 2, "employee": 3, "days": [2, 3, 4]}}, {"model": "Scheduling.availability", "pk": 9, "fields": {"ShiftType": 3, "employee": 3, "days": [1, 2, 3, 4, 5]}}, {"model": "Scheduling.availability", "pk": 10, "fields": {"ShiftType": 1, "employee": 2, "days": [1, 2, 4, 5]}}, {"model": "Scheduling.availability", "pk": 11, "fields": {"ShiftType": 2, "employee": 2, "days": [1, 2, 3, 4, 5]}}, {"model": "Scheduling.availability", "pk": 12, "fields": {"ShiftType": 3, "employee": 2, "days": [2, 3]}}, {"model": "Scheduling.availability", "pk": 13, "fields": {"ShiftType": 1, "employee": 6, "days": [1, 3, 5]}}, {"model": "Scheduling.availability", "pk": 14, "fields": {"ShiftType": 2, "employee": 6, "days": [2, 3, 4]}}, {"model": "Scheduling.availability", "pk": 15, "fields": {"ShiftType": 3, "employee": 6, "days": [1, 2, 3, 4]}}, {"model": "Scheduling.scheduleperiod", "pk": 1, "fields": {"start_date": "2018-12-24", "end_date": "2018-12-28"}}]