[{"model": "Scheduling.days", "pk": 1, "fields": {"day": "Monday"}}, {"model": "Scheduling.days", "pk": 2, "fields": {"day": "Tuesday"}}, {"model": "Scheduling.days", "pk": 3, "fields": {"day": "Wednesday"}}, {"model": "Scheduling.days", "pk": 4, "fields": {"day": "Thursday"}}, {"model": "Scheduling.days", "pk": 5, "fields": {"day": "Friday"}}, {"model": "Scheduling.shifttype", "pk": 1, "fields": {"house": 1, "label": "Breakfast", "start_time": "10:00:00", "end_time": "11:00:00", "number_of_employees": 1}}, {"model": "Scheduling.shifttype", "pk": 2, "fields": {"house": 1, "label": "Lunch", "start_time": "11:00:00", "end_time": "14:00:00", "number_of_employees": 2}}, {"model": "Scheduling.shifttype", "pk": 3, "fields": {"house": 1, "label": "Dinner", "start_time": "16:00:00", "end_time": "19:00:00", "number_of_employees": 3}}, {"model": "Scheduling.shift", "pk": 580, "fields": {"Type": 1, "up_for_trade": false, "Employee": 1, "date": "2019-01-07"}}, {"model": "Scheduling.shift", "pk": 581, "fields": {"Type": 1, "up_for_trade": false, "Employee": 4, "date": "2019-01-08"}}, {"model": "Scheduling.shift", "pk": 582, "fields": {"Type": 1, "up_for_trade": false, "Employee": 6, "date": "2019-01-09"}}, {"model": "Scheduling.shift", "pk": 583, "fields": {"Type": 1, "up_for_trade": false, "Employee": 1, "date": "2019-01-10"}}, {"model": "Scheduling.shift", "pk": 584, "fields": {"Type": 1, "up_for_trade": false, "Employee": 2, "date": "2019-01-11"}}, {"model": "Scheduling.shift", "pk": 585, "fields": {"Type": 2, "up_for_trade": false, "Employee": 3, "date": "2019-01-07"}}, {"model": "Scheduling.shift", "pk": 586, "fields": {"Type": 2, "up_for_trade": false, "Employee": 4, "date": "2019-01-08"}}, {"model": "Scheduling.shift", "pk": 587, "fields": {"Type": 2, "up_for_trade": false, "Employee": 6, "date": "2019-01-09"}}, {"model": "Scheduling.shift", "pk": 588, "fields": {"Type": 2, "up_for_trade": false, "Employee": 2, "date": "2019-01-10"}}, {"model": "Scheduling.shift", "pk": 589, "fields": {"Type": 2, "up_for_trade": false, "Employee": 3, "date": "2019-01-11"}}, {"model": "Scheduling.shift", "pk": 590, "fields": {"Type": 2, "up_for_trade": false, "Employee": 2, "date": "2019-01-07"}}, {"model": "Scheduling.shift", "pk": 591, "fields": {"Type": 2, "up_for_trade": false, "Employee": 1, "date": "2019-01-08"}}, {"model": "Scheduling.shift", "pk": 592, "fields": {"Type": 2, "up_for_trade": false, "Employee": 7, "date": "2019-01-09"}}, {"model": "Scheduling.shift", "pk": 593, "fields": {"Type": 2, "up_for_trade": false, "Employee": 4, "date": "2019-01-10"}}, {"model": "Scheduling.shift", "pk": 594, "fields": {"Type": 2, "up_for_trade": false, "Employee": 6, "date": "2019-01-11"}}, {"model": "Scheduling.shift", "pk": 595, "fields": {"Type": 3, "up_for_trade": false, "Employee": 3, "date": "2019-01-07"}}, {"model": "Scheduling.shift", "pk": 596, "fields": {"Type": 3, "up_for_trade": false, "Employee": 1, "date": "2019-01-08"}}, {"model": "Scheduling.shift", "pk": 597, "fields": {"Type": 3, "up_for_trade": false, "Employee": 4, "date": "2019-01-09"}}, {"model": "Scheduling.shift", "pk": 598, "fields": {"Type": 3, "up_for_trade": false, "Employee": 6, "date": "2019-01-10"}}, {"model": "Scheduling.shift", "pk": 599, "fields": {"Type": 3, "up_for_trade": false, "Employee": 2, "date": "2019-01-11"}}, {"model": "Scheduling.shift", "pk": 600, "fields": {"Type": 3, "up_for_trade": false, "Employee": 1, "date": "2019-01-07"}}, {"model": "Scheduling.shift", "pk": 601, "fields": {"Type": 3, "up_for_trade": false, "Employee": 6, "date": "2019-01-08"}}, {"model": "Scheduling.shift", "pk": 602, "fields": {"Type": 3, "up_for_trade": false, "Employee": 3, "date": "2019-01-09"}}, {"model": "Scheduling.shift", "pk": 603, "fields": {"Type": 3, "up_for_trade": false, "Employee": 1, "date": "2019-01-10"}}, {"model": "Scheduling.shift", "pk": 604, "fields": {"Type": 3, "up_for_trade": false, "Employee": 4, "date": "2019-01-11"}}, {"model": "Scheduling.shift", "pk": 605, "fields": {"Type": 3, "up_for_trade": false, "Employee": 2, "date": "2019-01-07"}}, {"model": "Scheduling.shift", "pk": 606, "fields": {"Type": 3, "up_for_trade": false, "Employee": 7, "date": "2019-01-08"}}, {"model": "Scheduling.shift", "pk": 607, "fields": {"Type": 3, "up_for_trade": false, "Employee": 2, "date": "2019-01-09"}}, {"model": "Scheduling.shift", "pk": 608, "fields": {"Type": 3, "up_for_trade": false, "Employee": 7, "date": "2019-01-10"}}, {"model": "Scheduling.shift", "pk": 609, "fields": {"Type": 3, "up_for_trade": false, "Employee": 3, "date": "2019-01-11"}}, {"model": "Scheduling.shift", "pk": 610, "fields": {"Type": 1, "up_for_trade": false, "Employee": 1, "date": "2019-01-14"}}, {"model": "Scheduling.shift", "pk": 611, "fields": {"Type": 1, "up_for_trade": false, "Employee": 1, "date": "2019-01-21"}}, {"model": "Scheduling.shift", "pk": 612, "fields": {"Type": 1, "up_for_trade": false, "Employee": 1, "date": "2019-01-28"}}, {"model": "Scheduling.shift", "pk": 613, "fields": {"Type": 1, "up_for_trade": false, "Employee": 1, "date": "2019-02-04"}}, {"model": "Scheduling.shift", "pk": 614, "fields": {"Type": 1, "up_for_trade": false, "Employee": 1, "date": "2019-02-11"}}, {"model": "Scheduling.shift", "pk": 615, "fields": {"Type": 1, "up_for_trade": false, "Employee": 1, "date": "2019-02-18"}}, {"model": "Scheduling.shift", "pk": 616, "fields": {"Type": 1, "up_for_trade": false, "Employee": 1, "date": "2019-02-25"}}, {"model": "Scheduling.shift", "pk": 617, "fields": {"Type": 1, "up_for_trade": false, "Employee": 1, "date": "2019-03-04"}}, {"model": "Scheduling.shift", "pk": 618, "fields": {"Type": 1, "up_for_trade": false, "Employee": 1, "date": "2019-03-11"}}, {"model": "Scheduling.shift", "pk": 619, "fields": {"Type": 1, "up_for_trade": false, "Employee": 1, "date": "2019-03-18"}}, {"model": "Scheduling.shift", "pk": 620, "fields": {"Type": 1, "up_for_trade": false, "Employee": 1, "date": "2019-03-25"}}, {"model": "Scheduling.shift", "pk": 621, "fields": {"Type": 1, "up_for_trade": false, "Employee": 1, "date": "2019-04-01"}}, {"model": "Scheduling.shift", "pk": 622, "fields": {"Type": 1, "up_for_trade": false, "Employee": 1, "date": "2019-04-08"}}, {"model": "Scheduling.shift", "pk": 623, "fields": {"Type": 1, "up_for_trade": false, "Employee": 1, "date": "2019-04-15"}}, {"model": "Scheduling.shift", "pk": 624, "fields": {"Type": 1, "up_for_trade": false, "Employee": 1, "date": "2019-04-22"}}, {"model": "Scheduling.shift", "pk": 625, "fields": {"Type": 1, "up_for_trade": false, "Employee": 4, "date": "2019-01-15"}}, {"model": "Scheduling.shift", "pk": 626, "fields": {"Type": 1, "up_for_trade": false, "Employee": 4, "date": "2019-01-22"}}, {"model": "Scheduling.shift", "pk": 627, "fields": {"Type": 1, "up_for_trade": false, "Employee": 4, "date": "2019-01-29"}}, {"model": "Scheduling.shift", "pk": 628, "fields": {"Type": 1, "up_for_trade": false, "Employee": 4, "date": "2019-02-05"}}, {"model": "Scheduling.shift", "pk": 629, "fields": {"Type": 1, "up_for_trade": false, "Employee": 4, "date": "2019-02-12"}}, {"model": "Scheduling.shift", "pk": 630, "fields": {"Type": 1, "up_for_trade": false, "Employee": 4, "date": "2019-02-19"}}, {"model": "Scheduling.shift", "pk": 631, "fields": {"Type": 1, "up_for_trade": false, "Employee": 4, "date": "2019-02-26"}}, {"model": "Scheduling.shift", "pk": 632, "fields": {"Type": 1, "up_for_trade": false, "Employee": 4, "date": "2019-03-05"}}, {"model": "Scheduling.shift", "pk": 633, "fields": {"Type": 1, "up_for_trade": false, "Employee": 4, "date": "2019-03-12"}}, {"model": "Scheduling.shift", "pk": 634, "fields": {"Type": 1, "up_for_trade": false, "Employee": 4, "date": "2019-03-19"}}, {"model": "Scheduling.shift", "pk": 635, "fields": {"Type": 1, "up_for_trade": false, "Employee": 4, "date": "2019-03-26"}}, {"model": "Scheduling.shift", "pk": 636, "fields": {"Type": 1, "up_for_trade": false, "Employee": 4, "date": "2019-04-02"}}, {"model": "Scheduling.shift", "pk": 637, "fields": {"Type": 1, "up_for_trade": false, "Employee": 4, "date": "2019-04-09"}}, {"model": "Scheduling.shift", "pk": 638, "fields": {"Type": 1, "up_for_trade": false, "Employee": 4, "date": "2019-04-16"}}, {"model": "Scheduling.shift", "pk": 639, "fields": {"Type": 1, "up_for_trade": false, "Employee": 4, "date": "2019-04-23"}}, {"model": "Scheduling.shift", "pk": 640, "fields": {"Type": 1, "up_for_trade": false, "Employee": 6, "date": "2019-01-16"}}, {"model": "Scheduling.shift", "pk": 641, "fields": {"Type": 1, "up_for_trade": false, "Employee": 6, "date": "2019-01-23"}}, {"model": "Scheduling.shift", "pk": 642, "fields": {"Type": 1, "up_for_trade": false, "Employee": 6, "date": "2019-01-30"}}, {"model": "Scheduling.shift", "pk": 643, "fields": {"Type": 1, "up_for_trade": false, "Employee": 6, "date": "2019-02-06"}}, {"model": "Scheduling.shift", "pk": 644, "fields": {"Type": 1, "up_for_trade": false, "Employee": 6, "date": "2019-02-13"}}, {"model": "Scheduling.shift", "pk": 645, "fields": {"Type": 1, "up_for_trade": false, "Employee": 6, "date": "2019-02-20"}}, {"model": "Scheduling.shift", "pk": 646, "fields": {"Type": 1, "up_for_trade": false, "Employee": 6, "date": "2019-02-27"}}, {"model": "Scheduling.shift", "pk": 647, "fields": {"Type": 1, "up_for_trade": false, "Employee": 6, "date": "2019-03-06"}}, {"model": "Scheduling.shift", "pk": 648, "fields": {"Type": 1, "up_for_trade": false, "Employee": 6, "date": "2019-03-13"}}, {"model": "Scheduling.shift", "pk": 649, "fields": {"Type": 1, "up_for_trade": false, "Employee": 6, "date": "2019-03-20"}}, {"model": "Scheduling.shift", "pk": 650, "fields": {"Type": 1, "up_for_trade": false, "Employee": 6, "date": "2019-03-27"}}, {"model": "Scheduling.shift", "pk": 651, "fields": {"Type": 1, "up_for_trade": false, "Employee": 6, "date": "2019-04-03"}}, {"model": "Scheduling.shift", "pk": 652, "fields": {"Type": 1, "up_for_trade": false, "Employee": 6, "date": "2019-04-10"}}, {"model": "Scheduling.shift", "pk": 653, "fields": {"Type": 1, "up_for_trade": false, "Employee": 6, "date": "2019-04-17"}}, {"model": "Scheduling.shift", "pk": 654, "fields": {"Type": 1, "up_for_trade": false, "Employee": 6, "date": "2019-04-24"}}, {"model": "Scheduling.shift", "pk": 655, "fields": {"Type": 1, "up_for_trade": false, "Employee": 1, "date": "2019-01-17"}}, {"model": "Scheduling.shift", "pk": 656, "fields": {"Type": 1, "up_for_trade": false, "Employee": 1, "date": "2019-01-24"}}, {"model": "Scheduling.shift", "pk": 657, "fields": {"Type": 1, "up_for_trade": false, "Employee": 1, "date": "2019-01-31"}}, {"model": "Scheduling.shift", "pk": 658, "fields": {"Type": 1, "up_for_trade": false, "Employee": 1, "date": "2019-02-07"}}, {"model": "Scheduling.shift", "pk": 659, "fields": {"Type": 1, "up_for_trade": false, "Employee": 1, "date": "2019-02-14"}}, {"model": "Scheduling.shift", "pk": 660, "fields": {"Type": 1, "up_for_trade": false, "Employee": 1, "date": "2019-02-21"}}, {"model": "Scheduling.shift", "pk": 661, "fields": {"Type": 1, "up_for_trade": false, "Employee": 1, "date": "2019-02-28"}}, {"model": "Scheduling.shift", "pk": 662, "fields": {"Type": 1, "up_for_trade": false, "Employee": 1, "date": "2019-03-07"}}, {"model": "Scheduling.shift", "pk": 663, "fields": {"Type": 1, "up_for_trade": false, "Employee": 1, "date": "2019-03-14"}}, {"model": "Scheduling.shift", "pk": 664, "fields": {"Type": 1, "up_for_trade": false, "Employee": 1, "date": "2019-03-21"}}, {"model": "Scheduling.shift", "pk": 665, "fields": {"Type": 1, "up_for_trade": false, "Employee": 1, "date": "2019-03-28"}}, {"model": "Scheduling.shift", "pk": 666, "fields": {"Type": 1, "up_for_trade": false, "Employee": 1, "date": "2019-04-04"}}, {"model": "Scheduling.shift", "pk": 667, "fields": {"Type": 1, "up_for_trade": false, "Employee": 1, "date": "2019-04-11"}}, {"model": "Scheduling.shift", "pk": 668, "fields": {"Type": 1, "up_for_trade": false, "Employee": 1, "date": "2019-04-18"}}, {"model": "Scheduling.shift", "pk": 669, "fields": {"Type": 1, "up_for_trade": false, "Employee": 1, "date": "2019-04-25"}}, {"model": "Scheduling.shift", "pk": 670, "fields": {"Type": 1, "up_for_trade": false, "Employee": 2, "date": "2019-01-18"}}, {"model": "Scheduling.shift", "pk": 671, "fields": {"Type": 1, "up_for_trade": false, "Employee": 2, "date": "2019-01-25"}}, {"model": "Scheduling.shift", "pk": 672, "fields": {"Type": 1, "up_for_trade": false, "Employee": 2, "date": "2019-02-01"}}, {"model": "Scheduling.shift", "pk": 673, "fields": {"Type": 1, "up_for_trade": false, "Employee": 2, "date": "2019-02-08"}}, {"model": "Scheduling.shift", "pk": 674, "fields": {"Type": 1, "up_for_trade": false, "Employee": 2, "date": "2019-02-15"}}, {"model": "Scheduling.shift", "pk": 675, "fields": {"Type": 1, "up_for_trade": false, "Employee": 2, "date": "2019-02-22"}}, {"model": "Scheduling.shift", "pk": 676, "fields": {"Type": 1, "up_for_trade": false, "Employee": 2, "date": "2019-03-01"}}, {"model": "Scheduling.shift", "pk": 677, "fields": {"Type": 1, "up_for_trade": false, "Employee": 2, "date": "2019-03-08"}}, {"model": "Scheduling.shift", "pk": 678, "fields": {"Type": 1, "up_for_trade": false, "Employee": 2, "date": "2019-03-15"}}, {"model": "Scheduling.shift", "pk": 679, "fields": {"Type": 1, "up_for_trade": false, "Employee": 2, "date": "2019-03-22"}}, {"model": "Scheduling.shift", "pk": 680, "fields": {"Type": 1, "up_for_trade": false, "Employee": 2, "date": "2019-03-29"}}, {"model": "Scheduling.shift", "pk": 681, "fields": {"Type": 1, "up_for_trade": false, "Employee": 2, "date": "2019-04-05"}}, {"model": "Scheduling.shift", "pk": 682, "fields": {"Type": 1, "up_for_trade": false, "Employee": 2, "date": "2019-04-12"}}, {"model": "Scheduling.shift", "pk": 683, "fields": {"Type": 1, "up_for_trade": false, "Employee": 2, "date": "2019-04-19"}}, {"model": "Scheduling.shift", "pk": 684, "fields": {"Type": 2, "up_for_trade": false, "Employee": 3, "date": "2019-01-14"}}, {"model": "Scheduling.shift", "pk": 685, "fields": {"Type": 2, "up_for_trade": false, "Employee": 3, "date": "2019-01-21"}}, {"model": "Scheduling.shift", "pk": 686, "fields": {"Type": 2, "up_for_trade": false, "Employee": 3, "date": "2019-01-28"}}, {"model": "Scheduling.shift", "pk": 687, "fields": {"Type": 2, "up_for_trade": false, "Employee": 3, "date": "2019-02-04"}}, {"model": "Scheduling.shift", "pk": 688, "fields": {"Type": 2, "up_for_trade": false, "Employee": 3, "date": "2019-02-11"}}, {"model": "Scheduling.shift", "pk": 689, "fields": {"Type": 2, "up_for_trade": false, "Employee": 3, "date": "2019-02-18"}}, {"model": "Scheduling.shift", "pk": 690, "fields": {"Type": 2, "up_for_trade": false, "Employee": 3, "date": "2019-02-25"}}, {"model": "Scheduling.shift", "pk": 691, "fields": {"Type": 2, "up_for_trade": false, "Employee": 3, "date": "2019-03-04"}}, {"model": "Scheduling.shift", "pk": 692, "fields": {"Type": 2, "up_for_trade": false, "Employee": 3, "date": "2019-03-11"}}, {"model": "Scheduling.shift", "pk": 693, "fields": {"Type": 2, "up_for_trade": false, "Employee": 3, "date": "2019-03-18"}}, {"model": "Scheduling.shift", "pk": 694, "fields": {"Type": 2, "up_for_trade": false, "Employee": 3, "date": "2019-03-25"}}, {"model": "Scheduling.shift", "pk": 695, "fields": {"Type": 2, "up_for_trade": false, "Employee": 3, "date": "2019-04-01"}}, {"model": "Scheduling.shift", "pk": 696, "fields": {"Type": 2, "up_for_trade": false, "Employee": 3, "date": "2019-04-08"}}, {"model": "Scheduling.shift", "pk": 697, "fields": {"Type": 2, "up_for_trade": false, "Employee": 3, "date": "2019-04-15"}}, {"model": "Scheduling.shift", "pk": 698, "fields": {"Type": 2, "up_for_trade": false, "Employee": 3, "date": "2019-04-22"}}, {"model": "Scheduling.shift", "pk": 699, "fields": {"Type": 2, "up_for_trade": false, "Employee": 4, "date": "2019-01-15"}}, {"model": "Scheduling.shift", "pk": 700, "fields": {"Type": 2, "up_for_trade": false, "Employee": 4, "date": "2019-01-22"}}, {"model": "Scheduling.shift", "pk": 701, "fields": {"Type": 2, "up_for_trade": false, "Employee": 4, "date": "2019-01-29"}}, {"model": "Scheduling.shift", "pk": 702, "fields": {"Type": 2, "up_for_trade": false, "Employee": 4, "date": "2019-02-05"}}, {"model": "Scheduling.shift", "pk": 703, "fields": {"Type": 2, "up_for_trade": false, "Employee": 4, "date": "2019-02-12"}}, {"model": "Scheduling.shift", "pk": 704, "fields": {"Type": 2, "up_for_trade": false, "Employee": 4, "date": "2019-02-19"}}, {"model": "Scheduling.shift", "pk": 705, "fields": {"Type": 2, "up_for_trade": false, "Employee": 4, "date": "2019-02-26"}}, {"model": "Scheduling.shift", "pk": 706, "fields": {"Type": 2, "up_for_trade": false, "Employee": 4, "date": "2019-03-05"}}, {"model": "Scheduling.shift", "pk": 707, "fields": {"Type": 2, "up_for_trade": false, "Employee": 4, "date": "2019-03-12"}}, {"model": "Scheduling.shift", "pk": 708, "fields": {"Type": 2, "up_for_trade": false, "Employee": 4, "date": "2019-03-19"}}, {"model": "Scheduling.shift", "pk": 709, "fields": {"Type": 2, "up_for_trade": false, "Employee": 4, "date": "2019-03-26"}}, {"model": "Scheduling.shift", "pk": 710, "fields": {"Type": 2, "up_for_trade": false, "Employee": 4, "date": "2019-04-02"}}, {"model": "Scheduling.shift", "pk": 711, "fields": {"Type": 2, "up_for_trade": false, "Employee": 4, "date": "2019-04-09"}}, {"model": "Scheduling.shift", "pk": 712, "fields": {"Type": 2, "up_for_trade": false, "Employee": 4, "date": "2019-04-16"}}, {"model": "Scheduling.shift", "pk": 713, "fields": {"Type": 2, "up_for_trade": false, "Employee": 4, "date": "2019-04-23"}}, {"model": "Scheduling.shift", "pk": 714, "fields": {"Type": 2, "up_for_trade": false, "Employee": 6, "date": "2019-01-16"}}, {"model": "Scheduling.shift", "pk": 715, "fields": {"Type": 2, "up_for_trade": false, "Employee": 6, "date": "2019-01-23"}}, {"model": "Scheduling.shift", "pk": 716, "fields": {"Type": 2, "up_for_trade": false, "Employee": 6, "date": "2019-01-30"}}, {"model": "Scheduling.shift", "pk": 717, "fields": {"Type": 2, "up_for_trade": false, "Employee": 6, "date": "2019-02-06"}}, {"model": "Scheduling.shift", "pk": 718, "fields": {"Type": 2, "up_for_trade": false, "Employee": 6, "date": "2019-02-13"}}, {"model": "Scheduling.shift", "pk": 719, "fields": {"Type": 2, "up_for_trade": false, "Employee": 6, "date": "2019-02-20"}}, {"model": "Scheduling.shift", "pk": 720, "fields": {"Type": 2, "up_for_trade": false, "Employee": 6, "date": "2019-02-27"}}, {"model": "Scheduling.shift", "pk": 721, "fields": {"Type": 2, "up_for_trade": false, "Employee": 6, "date": "2019-03-06"}}, {"model": "Scheduling.shift", "pk": 722, "fields": {"Type": 2, "up_for_trade": false, "Employee": 6, "date": "2019-03-13"}}, {"model": "Scheduling.shift", "pk": 723, "fields": {"Type": 2, "up_for_trade": false, "Employee": 6, "date": "2019-03-20"}}, {"model": "Scheduling.shift", "pk": 724, "fields": {"Type": 2, "up_for_trade": false, "Employee": 6, "date": "2019-03-27"}}, {"model": "Scheduling.shift", "pk": 725, "fields": {"Type": 2, "up_for_trade": false, "Employee": 6, "date": "2019-04-03"}}, {"model": "Scheduling.shift", "pk": 726, "fields": {"Type": 2, "up_for_trade": false, "Employee": 6, "date": "2019-04-10"}}, {"model": "Scheduling.shift", "pk": 727, "fields": {"Type": 2, "up_for_trade": false, "Employee": 6, "date": "2019-04-17"}}, {"model": "Scheduling.shift", "pk": 728, "fields": {"Type": 2, "up_for_trade": false, "Employee": 6, "date": "2019-04-24"}}, {"model": "Scheduling.shift", "pk": 729, "fields": {"Type": 2, "up_for_trade": false, "Employee": 2, "date": "2019-01-17"}}, {"model": "Scheduling.shift", "pk": 730, "fields": {"Type": 2, "up_for_trade": false, "Employee": 2, "date": "2019-01-24"}}, {"model": "Scheduling.shift", "pk": 731, "fields": {"Type": 2, "up_for_trade": false, "Employee": 2, "date": "2019-01-31"}}, {"model": "Scheduling.shift", "pk": 732, "fields": {"Type": 2, "up_for_trade": false, "Employee": 2, "date": "2019-02-07"}}, {"model": "Scheduling.shift", "pk": 733, "fields": {"Type": 2, "up_for_trade": false, "Employee": 2, "date": "2019-02-14"}}, {"model": "Scheduling.shift", "pk": 734, "fields": {"Type": 2, "up_for_trade": false, "Employee": 2, "date": "2019-02-21"}}, {"model": "Scheduling.shift", "pk": 735, "fields": {"Type": 2, "up_for_trade": false, "Employee": 2, "date": "2019-02-28"}}, {"model": "Scheduling.shift", "pk": 736, "fields": {"Type": 2, "up_for_trade": false, "Employee": 2, "date": "2019-03-07"}}, {"model": "Scheduling.shift", "pk": 737, "fields": {"Type": 2, "up_for_trade": false, "Employee": 2, "date": "2019-03-14"}}, {"model": "Scheduling.shift", "pk": 738, "fields": {"Type": 2, "up_for_trade": false, "Employee": 2, "date": "2019-03-21"}}, {"model": "Scheduling.shift", "pk": 739, "fields": {"Type": 2, "up_for_trade": false, "Employee": 2, "date": "2019-03-28"}}, {"model": "Scheduling.shift", "pk": 740, "fields": {"Type": 2, "up_for_trade": false, "Employee": 2, "date": "2019-04-04"}}, {"model": "Scheduling.shift", "pk": 741, "fields": {"Type": 2, "up_for_trade": false, "Employee": 2, "date": "2019-04-11"}}, {"model": "Scheduling.shift", "pk": 742, "fields": {"Type": 2, "up_for_trade": false, "Employee": 2, "date": "2019-04-18"}}, {"model": "Scheduling.shift", "pk": 743, "fields": {"Type": 2, "up_for_trade": false, "Employee": 2, "date": "2019-04-25"}}, {"model": "Scheduling.shift", "pk": 744, "fields": {"Type": 2, "up_for_trade": false, "Employee": 3, "date": "2019-01-18"}}, {"model": "Scheduling.shift", "pk": 745, "fields": {"Type": 2, "up_for_trade": false, "Employee": 3, "date": "2019-01-25"}}, {"model": "Scheduling.shift", "pk": 746, "fields": {"Type": 2, "up_for_trade": false, "Employee": 3, "date": "2019-02-01"}}, {"model": "Scheduling.shift", "pk": 747, "fields": {"Type": 2, "up_for_trade": false, "Employee": 3, "date": "2019-02-08"}}, {"model": "Scheduling.shift", "pk": 748, "fields": {"Type": 2, "up_for_trade": false, "Employee": 3, "date": "2019-02-15"}}, {"model": "Scheduling.shift", "pk": 749, "fields": {"Type": 2, "up_for_trade": false, "Employee": 3, "date": "2019-02-22"}}, {"model": "Scheduling.shift", "pk": 750, "fields": {"Type": 2, "up_for_trade": false, "Employee": 3, "date": "2019-03-01"}}, {"model": "Scheduling.shift", "pk": 751, "fields": {"Type": 2, "up_for_trade": false, "Employee": 3, "date": "2019-03-08"}}, {"model": "Scheduling.shift", "pk": 752, "fields": {"Type": 2, "up_for_trade": false, "Employee": 3, "date": "2019-03-15"}}, {"model": "Scheduling.shift", "pk": 753, "fields": {"Type": 2, "up_for_trade": false, "Employee": 3, "date": "2019-03-22"}}, {"model": "Scheduling.shift", "pk": 754, "fields": {"Type": 2, "up_for_trade": false, "Employee": 3, "date": "2019-03-29"}}, {"model": "Scheduling.shift", "pk": 755, "fields": {"Type": 2, "up_for_trade": false, "Employee": 3, "date": "2019-04-05"}}, {"model": "Scheduling.shift", "pk": 756, "fields": {"Type": 2, "up_for_trade": false, "Employee": 3, "date": "2019-04-12"}}, {"model": "Scheduling.shift", "pk": 757, "fields": {"Type": 2, "up_for_trade": false, "Employee": 3, "date": "2019-04-19"}}, {"model": "Scheduling.shift", "pk": 758, "fields": {"Type": 2, "up_for_trade": false, "Employee": 2, "date": "2019-01-14"}}, {"model": "Scheduling.shift", "pk": 759, "fields": {"Type": 2, "up_for_trade": false, "Employee": 2, "date": "2019-01-21"}}, {"model": "Scheduling.shift", "pk": 760, "fields": {"Type": 2, "up_for_trade": false, "Employee": 2, "date": "2019-01-28"}}, {"model": "Scheduling.shift", "pk": 761, "fields": {"Type": 2, "up_for_trade": false, "Employee": 2, "date": "2019-02-04"}}, {"model": "Scheduling.shift", "pk": 762, "fields": {"Type": 2, "up_for_trade": false, "Employee": 2, "date": "2019-02-11"}}, {"model": "Scheduling.shift", "pk": 763, "fields": {"Type": 2, "up_for_trade": false, "Employee": 2, "date": "2019-02-18"}}, {"model": "Scheduling.shift", "pk": 764, "fields": {"Type": 2, "up_for_trade": false, "Employee": 2, "date": "2019-02-25"}}, {"model": "Scheduling.shift", "pk": 765, "fields": {"Type": 2, "up_for_trade": false, "Employee": 2, "date": "2019-03-04"}}, {"model": "Scheduling.shift", "pk": 766, "fields": {"Type": 2, "up_for_trade": false, "Employee": 2, "date": "2019-03-11"}}, {"model": "Scheduling.shift", "pk": 767, "fields": {"Type": 2, "up_for_trade": false, "Employee": 2, "date": "2019-03-18"}}, {"model": "Scheduling.shift", "pk": 768, "fields": {"Type": 2, "up_for_trade": false, "Employee": 2, "date": "2019-03-25"}}, {"model": "Scheduling.shift", "pk": 769, "fields": {"Type": 2, "up_for_trade": false, "Employee": 2, "date": "2019-04-01"}}, {"model": "Scheduling.shift", "pk": 770, "fields": {"Type": 2, "up_for_trade": false, "Employee": 2, "date": "2019-04-08"}}, {"model": "Scheduling.shift", "pk": 771, "fields": {"Type": 2, "up_for_trade": false, "Employee": 2, "date": "2019-04-15"}}, {"model": "Scheduling.shift", "pk": 772, "fields": {"Type": 2, "up_for_trade": false, "Employee": 2, "date": "2019-04-22"}}, {"model": "Scheduling.shift", "pk": 773, "fields": {"Type": 2, "up_for_trade": false, "Employee": 1, "date": "2019-01-15"}}, {"model": "Scheduling.shift", "pk": 774, "fields": {"Type": 2, "up_for_trade": false, "Employee": 1, "date": "2019-01-22"}}, {"model": "Scheduling.shift", "pk": 775, "fields": {"Type": 2, "up_for_trade": false, "Employee": 1, "date": "2019-01-29"}}, {"model": "Scheduling.shift", "pk": 776, "fields": {"Type": 2, "up_for_trade": false, "Employee": 1, "date": "2019-02-05"}}, {"model": "Scheduling.shift", "pk": 777, "fields": {"Type": 2, "up_for_trade": false, "Employee": 1, "date": "2019-02-12"}}, {"model": "Scheduling.shift", "pk": 778, "fields": {"Type": 2, "up_for_trade": false, "Employee": 1, "date": "2019-02-19"}}, {"model": "Scheduling.shift", "pk": 779, "fields": {"Type": 2, "up_for_trade": false, "Employee": 1, "date": "2019-02-26"}}, {"model": "Scheduling.shift", "pk": 780, "fields": {"Type": 2, "up_for_trade": false, "Employee": 1, "date": "2019-03-05"}}, {"model": "Scheduling.shift", "pk": 781, "fields": {"Type": 2, "up_for_trade": false, "Employee": 1, "date": "2019-03-12"}}, {"model": "Scheduling.shift", "pk": 782, "fields": {"Type": 2, "up_for_trade": false, "Employee": 1, "date": "2019-03-19"}}, {"model": "Scheduling.shift", "pk": 783, "fields": {"Type": 2, "up_for_trade": false, "Employee": 1, "date": "2019-03-26"}}, {"model": "Scheduling.shift", "pk": 784, "fields": {"Type": 2, "up_for_trade": false, "Employee": 1, "date": "2019-04-02"}}, {"model": "Scheduling.shift", "pk": 785, "fields": {"Type": 2, "up_for_trade": false, "Employee": 1, "date": "2019-04-09"}}, {"model": "Scheduling.shift", "pk": 786, "fields": {"Type": 2, "up_for_trade": false, "Employee": 1, "date": "2019-04-16"}}, {"model": "Scheduling.shift", "pk": 787, "fields": {"Type": 2, "up_for_trade": false, "Employee": 1, "date": "2019-04-23"}}, {"model": "Scheduling.shift", "pk": 788, "fields": {"Type": 2, "up_for_trade": false, "Employee": 4, "date": "2019-01-17"}}, {"model": "Scheduling.shift", "pk": 789, "fields": {"Type": 2, "up_for_trade": false, "Employee": 4, "date": "2019-01-24"}}, {"model": "Scheduling.shift", "pk": 790, "fields": {"Type": 2, "up_for_trade": false, "Employee": 4, "date": "2019-01-31"}}, {"model": "Scheduling.shift", "pk": 791, "fields": {"Type": 2, "up_for_trade": false, "Employee": 4, "date": "2019-02-07"}}, {"model": "Scheduling.shift", "pk": 792, "fields": {"Type": 2, "up_for_trade": false, "Employee": 4, "date": "2019-02-14"}}, {"model": "Scheduling.shift", "pk": 793, "fields": {"Type": 2, "up_for_trade": false, "Employee": 4, "date": "2019-02-21"}}, {"model": "Scheduling.shift", "pk": 794, "fields": {"Type": 2, "up_for_trade": false, "Employee": 4, "date": "2019-02-28"}}, {"model": "Scheduling.shift", "pk": 795, "fields": {"Type": 2, "up_for_trade": false, "Employee": 4, "date": "2019-03-07"}}, {"model": "Scheduling.shift", "pk": 796, "fields": {"Type": 2, "up_for_trade": false, "Employee": 4, "date": "2019-03-14"}}, {"model": "Scheduling.shift", "pk": 797, "fields": {"Type": 2, "up_for_trade": false, "Employee": 4, "date": "2019-03-21"}}, {"model": "Scheduling.shift", "pk": 798, "fields": {"Type": 2, "up_for_trade": false, "Employee": 4, "date": "2019-03-28"}}, {"model": "Scheduling.shift", "pk": 799, "fields": {"Type": 2, "up_for_trade": false, "Employee": 4, "date": "2019-04-04"}}, {"model": "Scheduling.shift", "pk": 800, "fields": {"Type": 2, "up_for_trade": false, "Employee": 4, "date": "2019-04-11"}}, {"model": "Scheduling.shift", "pk": 801, "fields": {"Type": 2, "up_for_trade": false, "Employee": 4, "date": "2019-04-18"}}, {"model": "Scheduling.shift", "pk": 802, "fields": {"Type": 2, "up_for_trade": false, "Employee": 4, "date": "2019-04-25"}}, {"model": "Scheduling.shift", "pk": 803, "fields": {"Type": 2, "up_for_trade": false, "Employee": 6, "date": "2019-01-18"}}, {"model": "Scheduling.shift", "pk": 804, "fields": {"Type": 2, "up_for_trade": false, "Employee": 6, "date": "2019-01-25"}}, {"model": "Scheduling.shift", "pk": 805, "fields": {"Type": 2, "up_for_trade": false, "Employee": 6, "date": "2019-02-01"}}, {"model": "Scheduling.shift", "pk": 806, "fields": {"Type": 2, "up_for_trade": false, "Employee": 6, "date": "2019-02-08"}}, {"model": "Scheduling.shift", "pk": 807, "fields": {"Type": 2, "up_for_trade": false, "Employee": 6, "date": "2019-02-15"}}, {"model": "Scheduling.shift", "pk": 808, "fields": {"Type": 2, "up_for_trade": false, "Employee": 6, "date": "2019-02-22"}}, {"model": "Scheduling.shift", "pk": 809, "fields": {"Type": 2, "up_for_trade": false, "Employee": 6, "date": "2019-03-01"}}, {"model": "Scheduling.shift", "pk": 810, "fields": {"Type": 2, "up_for_trade": false, "Employee": 6, "date": "2019-03-08"}}, {"model": "Scheduling.shift", "pk": 811, "fields": {"Type": 2, "up_for_trade": false, "Employee": 6, "date": "2019-03-15"}}, {"model": "Scheduling.shift", "pk": 812, "fields": {"Type": 2, "up_for_trade": false, "Employee": 6, "date": "2019-03-22"}}, {"model": "Scheduling.shift", "pk": 813, "fields": {"Type": 2, "up_for_trade": false, "Employee": 6, "date": "2019-03-29"}}, {"model": "Scheduling.shift", "pk": 814, "fields": {"Type": 2, "up_for_trade": false, "Employee": 6, "date": "2019-04-05"}}, {"model": "Scheduling.shift", "pk": 815, "fields": {"Type": 2, "up_for_trade": false, "Employee": 6, "date": "2019-04-12"}}, {"model": "Scheduling.shift", "pk": 816, "fields": {"Type": 2, "up_for_trade": false, "Employee": 6, "date": "2019-04-19"}}, {"model": "Scheduling.shift", "pk": 817, "fields": {"Type": 3, "up_for_trade": false, "Employee": 3, "date": "2019-01-14"}}, {"model": "Scheduling.shift", "pk": 818, "fields": {"Type": 3, "up_for_trade": false, "Employee": 3, "date": "2019-01-21"}}, {"model": "Scheduling.shift", "pk": 819, "fields": {"Type": 3, "up_for_trade": false, "Employee": 3, "date": "2019-01-28"}}, {"model": "Scheduling.shift", "pk": 820, "fields": {"Type": 3, "up_for_trade": false, "Employee": 3, "date": "2019-02-04"}}, {"model": "Scheduling.shift", "pk": 821, "fields": {"Type": 3, "up_for_trade": false, "Employee": 3, "date": "2019-02-11"}}, {"model": "Scheduling.shift", "pk": 822, "fields": {"Type": 3, "up_for_trade": false, "Employee": 3, "date": "2019-02-18"}}, {"model": "Scheduling.shift", "pk": 823, "fields": {"Type": 3, "up_for_trade": false, "Employee": 3, "date": "2019-02-25"}}, {"model": "Scheduling.shift", "pk": 824, "fields": {"Type": 3, "up_for_trade": false, "Employee": 3, "date": "2019-03-04"}}, {"model": "Scheduling.shift", "pk": 825, "fields": {"Type": 3, "up_for_trade": false, "Employee": 3, "date": "2019-03-11"}}, {"model": "Scheduling.shift", "pk": 826, "fields": {"Type": 3, "up_for_trade": false, "Employee": 3, "date": "2019-03-18"}}, {"model": "Scheduling.shift", "pk": 827, "fields": {"Type": 3, "up_for_trade": false, "Employee": 3, "date": "2019-03-25"}}, {"model": "Scheduling.shift", "pk": 828, "fields": {"Type": 3, "up_for_trade": false, "Employee": 3, "date": "2019-04-01"}}, {"model": "Scheduling.shift", "pk": 829, "fields": {"Type": 3, "up_for_trade": false, "Employee": 3, "date": "2019-04-08"}}, {"model": "Scheduling.shift", "pk": 830, "fields": {"Type": 3, "up_for_trade": false, "Employee": 3, "date": "2019-04-15"}}, {"model": "Scheduling.shift", "pk": 831, "fields": {"Type": 3, "up_for_trade": false, "Employee": 3, "date": "2019-04-22"}}, {"model": "Scheduling.shift", "pk": 832, "fields": {"Type": 3, "up_for_trade": false, "Employee": 1, "date": "2019-01-15"}}, {"model": "Scheduling.shift", "pk": 833, "fields": {"Type": 3, "up_for_trade": false, "Employee": 1, "date": "2019-01-22"}}, {"model": "Scheduling.shift", "pk": 834, "fields": {"Type": 3, "up_for_trade": false, "Employee": 1, "date": "2019-01-29"}}, {"model": "Scheduling.shift", "pk": 835, "fields": {"Type": 3, "up_for_trade": false, "Employee": 1, "date": "2019-02-05"}}, {"model": "Scheduling.shift", "pk": 836, "fields": {"Type": 3, "up_for_trade": false, "Employee": 1, "date": "2019-02-12"}}, {"model": "Scheduling.shift", "pk": 837, "fields": {"Type": 3, "up_for_trade": false, "Employee": 1, "date": "2019-02-19"}}, {"model": "Scheduling.shift", "pk": 838, "fields": {"Type": 3, "up_for_trade": false, "Employee": 1, "date": "2019-02-26"}}, {"model": "Scheduling.shift", "pk": 839, "fields": {"Type": 3, "up_for_trade": false, "Employee": 1, "date": "2019-03-05"}}, {"model": "Scheduling.shift", "pk": 840, "fields": {"Type": 3, "up_for_trade": false, "Employee": 1, "date": "2019-03-12"}}, {"model": "Scheduling.shift", "pk": 841, "fields": {"Type": 3, "up_for_trade": false, "Employee": 1, "date": "2019-03-19"}}, {"model": "Scheduling.shift", "pk": 842, "fields": {"Type": 3, "up_for_trade": false, "Employee": 1, "date": "2019-03-26"}}, {"model": "Scheduling.shift", "pk": 843, "fields": {"Type": 3, "up_for_trade": false, "Employee": 1, "date": "2019-04-02"}}, {"model": "Scheduling.shift", "pk": 844, "fields": {"Type": 3, "up_for_trade": false, "Employee": 1, "date": "2019-04-09"}}, {"model": "Scheduling.shift", "pk": 845, "fields": {"Type": 3, "up_for_trade": false, "Employee": 1, "date": "2019-04-16"}}, {"model": "Scheduling.shift", "pk": 846, "fields": {"Type": 3, "up_for_trade": false, "Employee": 1, "date": "2019-04-23"}}, {"model": "Scheduling.shift", "pk": 847, "fields": {"Type": 3, "up_for_trade": false, "Employee": 4, "date": "2019-01-16"}}, {"model": "Scheduling.shift", "pk": 848, "fields": {"Type": 3, "up_for_trade": false, "Employee": 4, "date": "2019-01-23"}}, {"model": "Scheduling.shift", "pk": 849, "fields": {"Type": 3, "up_for_trade": false, "Employee": 4, "date": "2019-01-30"}}, {"model": "Scheduling.shift", "pk": 850, "fields": {"Type": 3, "up_for_trade": false, "Employee": 4, "date": "2019-02-06"}}, {"model": "Scheduling.shift", "pk": 851, "fields": {"Type": 3, "up_for_trade": false, "Employee": 4, "date": "2019-02-13"}}, {"model": "Scheduling.shift", "pk": 852, "fields": {"Type": 3, "up_for_trade": false, "Employee": 4, "date": "2019-02-20"}}, {"model": "Scheduling.shift", "pk": 853, "fields": {"Type": 3, "up_for_trade": false, "Employee": 4, "date": "2019-02-27"}}, {"model": "Scheduling.shift", "pk": 854, "fields": {"Type": 3, "up_for_trade": false, "Employee": 4, "date": "2019-03-06"}}, {"model": "Scheduling.shift", "pk": 855, "fields": {"Type": 3, "up_for_trade": false, "Employee": 4, "date": "2019-03-13"}}, {"model": "Scheduling.shift", "pk": 856, "fields": {"Type": 3, "up_for_trade": false, "Employee": 4, "date": "2019-03-20"}}, {"model": "Scheduling.shift", "pk": 857, "fields": {"Type": 3, "up_for_trade": false, "Employee": 4, "date": "2019-03-27"}}, {"model": "Scheduling.shift", "pk": 858, "fields": {"Type": 3, "up_for_trade": false, "Employee": 4, "date": "2019-04-03"}}, {"model": "Scheduling.shift", "pk": 859, "fields": {"Type": 3, "up_for_trade": false, "Employee": 4, "date": "2019-04-10"}}, {"model": "Scheduling.shift", "pk": 860, "fields": {"Type": 3, "up_for_trade": false, "Employee": 4, "date": "2019-04-17"}}, {"model": "Scheduling.shift", "pk": 861, "fields": {"Type": 3, "up_for_trade": false, "Employee": 4, "date": "2019-04-24"}}, {"model": "Scheduling.shift", "pk": 862, "fields": {"Type": 3, "up_for_trade": false, "Employee": 6, "date": "2019-01-17"}}, {"model": "Scheduling.shift", "pk": 863, "fields": {"Type": 3, "up_for_trade": false, "Employee": 6, "date": "2019-01-24"}}, {"model": "Scheduling.shift", "pk": 864, "fields": {"Type": 3, "up_for_trade": false, "Employee": 6, "date": "2019-01-31"}}, {"model": "Scheduling.shift", "pk": 865, "fields": {"Type": 3, "up_for_trade": false, "Employee": 6, "date": "2019-02-07"}}, {"model": "Scheduling.shift", "pk": 866, "fields": {"Type": 3, "up_for_trade": false, "Employee": 6, "date": "2019-02-14"}}, {"model": "Scheduling.shift", "pk": 867, "fields": {"Type": 3, "up_for_trade": false, "Employee": 6, "date": "2019-02-21"}}, {"model": "Scheduling.shift", "pk": 868, "fields": {"Type": 3, "up_for_trade": false, "Employee": 6, "date": "2019-02-28"}}, {"model": "Scheduling.shift", "pk": 869, "fields": {"Type": 3, "up_for_trade": false, "Employee": 6, "date": "2019-03-07"}}, {"model": "Scheduling.shift", "pk": 870, "fields": {"Type": 3, "up_for_trade": false, "Employee": 6, "date": "2019-03-14"}}, {"model": "Scheduling.shift", "pk": 871, "fields": {"Type": 3, "up_for_trade": false, "Employee": 6, "date": "2019-03-21"}}, {"model": "Scheduling.shift", "pk": 872, "fields": {"Type": 3, "up_for_trade": false, "Employee": 6, "date": "2019-03-28"}}, {"model": "Scheduling.shift", "pk": 873, "fields": {"Type": 3, "up_for_trade": false, "Employee": 6, "date": "2019-04-04"}}, {"model": "Scheduling.shift", "pk": 874, "fields": {"Type": 3, "up_for_trade": false, "Employee": 6, "date": "2019-04-11"}}, {"model": "Scheduling.shift", "pk": 875, "fields": {"Type": 3, "up_for_trade": false, "Employee": 6, "date": "2019-04-18"}}, {"model": "Scheduling.shift", "pk": 876, "fields": {"Type": 3, "up_for_trade": false, "Employee": 6, "date": "2019-04-25"}}, {"model": "Scheduling.shift", "pk": 877, "fields": {"Type": 3, "up_for_trade": false, "Employee": 2, "date": "2019-01-18"}}, {"model": "Scheduling.shift", "pk": 878, "fields": {"Type": 3, "up_for_trade": false, "Employee": 2, "date": "2019-01-25"}}, {"model": "Scheduling.shift", "pk": 879, "fields": {"Type": 3, "up_for_trade": false, "Employee": 2, "date": "2019-02-01"}}, {"model": "Scheduling.shift", "pk": 880, "fields": {"Type": 3, "up_for_trade": false, "Employee": 2, "date": "2019-02-08"}}, {"model": "Scheduling.shift", "pk": 881, "fields": {"Type": 3, "up_for_trade": false, "Employee": 2, "date": "2019-02-15"}}, {"model": "Scheduling.shift", "pk": 882, "fields": {"Type": 3, "up_for_trade": false, "Employee": 2, "date": "2019-02-22"}}, {"model": "Scheduling.shift", "pk": 883, "fields": {"Type": 3, "up_for_trade": false, "Employee": 2, "date": "2019-03-01"}}, {"model": "Scheduling.shift", "pk": 884, "fields": {"Type": 3, "up_for_trade": false, "Employee": 2, "date": "2019-03-08"}}, {"model": "Scheduling.shift", "pk": 885, "fields": {"Type": 3, "up_for_trade": false, "Employee": 2, "date": "2019-03-15"}}, {"model": "Scheduling.shift", "pk": 886, "fields": {"Type": 3, "up_for_trade": false, "Employee": 2, "date": "2019-03-22"}}, {"model": "Scheduling.shift", "pk": 887, "fields": {"Type": 3, "up_for_trade": false, "Employee": 2, "date": "2019-03-29"}}, {"model": "Scheduling.shift", "pk": 888, "fields": {"Type": 3, "up_for_trade": false, "Employee": 2, "date": "2019-04-05"}}, {"model": "Scheduling.shift", "pk": 889, "fields": {"Type": 3, "up_for_trade": false, "Employee": 2, "date": "2019-04-12"}}, {"model": "Scheduling.shift", "pk": 890, "fields": {"Type": 3, "up_for_trade": false, "Employee": 2, "date": "2019-04-19"}}, {"model": "Scheduling.shift", "pk": 891, "fields": {"Type": 3, "up_for_trade": false, "Employee": 1, "date": "2019-01-14"}}, {"model": "Scheduling.shift", "pk": 892, "fields": {"Type": 3, "up_for_trade": false, "Employee": 1, "date": "2019-01-21"}}, {"model": "Scheduling.shift", "pk": 893, "fields": {"Type": 3, "up_for_trade": false, "Employee": 1, "date": "2019-01-28"}}, {"model": "Scheduling.shift", "pk": 894, "fields": {"Type": 3, "up_for_trade": false, "Employee": 1, "date": "2019-02-04"}}, {"model": "Scheduling.shift", "pk": 895, "fields": {"Type": 3, "up_for_trade": false, "Employee": 1, "date": "2019-02-11"}}, {"model": "Scheduling.shift", "pk": 896, "fields": {"Type": 3, "up_for_trade": false, "Employee": 1, "date": "2019-02-18"}}, {"model": "Scheduling.shift", "pk": 897, "fields": {"Type": 3, "up_for_trade": false, "Employee": 1, "date": "2019-02-25"}}, {"model": "Scheduling.shift", "pk": 898, "fields": {"Type": 3, "up_for_trade": false, "Employee": 1, "date": "2019-03-04"}}, {"model": "Scheduling.shift", "pk": 899, "fields": {"Type": 3, "up_for_trade": false, "Employee": 1, "date": "2019-03-11"}}, {"model": "Scheduling.shift", "pk": 900, "fields": {"Type": 3, "up_for_trade": false, "Employee": 1, "date": "2019-03-18"}}, {"model": "Scheduling.shift", "pk": 901, "fields": {"Type": 3, "up_for_trade": false, "Employee": 1, "date": "2019-03-25"}}, {"model": "Scheduling.shift", "pk": 902, "fields": {"Type": 3, "up_for_trade": false, "Employee": 1, "date": "2019-04-01"}}, {"model": "Scheduling.shift", "pk": 903, "fields": {"Type": 3, "up_for_trade": false, "Employee": 1, "date": "2019-04-08"}}, {"model": "Scheduling.shift", "pk": 904, "fields": {"Type": 3, "up_for_trade": false, "Employee": 1, "date": "2019-04-15"}}, {"model": "Scheduling.shift", "pk": 905, "fields": {"Type": 3, "up_for_trade": false, "Employee": 1, "date": "2019-04-22"}}, {"model": "Scheduling.shift", "pk": 906, "fields": {"Type": 3, "up_for_trade": false, "Employee": 6, "date": "2019-01-15"}}, {"model": "Scheduling.shift", "pk": 907, "fields": {"Type": 3, "up_for_trade": false, "Employee": 6, "date": "2019-01-22"}}, {"model": "Scheduling.shift", "pk": 908, "fields": {"Type": 3, "up_for_trade": false, "Employee": 6, "date": "2019-01-29"}}, {"model": "Scheduling.shift", "pk": 909, "fields": {"Type": 3, "up_for_trade": false, "Employee": 6, "date": "2019-02-05"}}, {"model": "Scheduling.shift", "pk": 910, "fields": {"Type": 3, "up_for_trade": false, "Employee": 6, "date": "2019-02-12"}}, {"model": "Scheduling.shift", "pk": 911, "fields": {"Type": 3, "up_for_trade": false, "Employee": 6, "date": "2019-02-19"}}, {"model": "Scheduling.shift", "pk": 912, "fields": {"Type": 3, "up_for_trade": false, "Employee": 6, "date": "2019-02-26"}}, {"model": "Scheduling.shift", "pk": 913, "fields": {"Type": 3, "up_for_trade": false, "Employee": 6, "date": "2019-03-05"}}, {"model": "Scheduling.shift", "pk": 914, "fields": {"Type": 3, "up_for_trade": false, "Employee": 6, "date": "2019-03-12"}}, {"model": "Scheduling.shift", "pk": 915, "fields": {"Type": 3, "up_for_trade": false, "Employee": 6, "date": "2019-03-19"}}, {"model": "Scheduling.shift", "pk": 916, "fields": {"Type": 3, "up_for_trade": false, "Employee": 6, "date": "2019-03-26"}}, {"model": "Scheduling.shift", "pk": 917, "fields": {"Type": 3, "up_for_trade": false, "Employee": 6, "date": "2019-04-02"}}, {"model": "Scheduling.shift", "pk": 918, "fields": {"Type": 3, "up_for_trade": false, "Employee": 6, "date": "2019-04-09"}}, {"model": "Scheduling.shift", "pk": 919, "fields": {"Type": 3, "up_for_trade": false, "Employee": 6, "date": "2019-04-16"}}, {"model": "Scheduling.shift", "pk": 920, "fields": {"Type": 3, "up_for_trade": false, "Employee": 6, "date": "2019-04-23"}}, {"model": "Scheduling.shift", "pk": 921, "fields": {"Type": 3, "up_for_trade": false, "Employee": 3, "date": "2019-01-16"}}, {"model": "Scheduling.shift", "pk": 922, "fields": {"Type": 3, "up_for_trade": false, "Employee": 3, "date": "2019-01-23"}}, {"model": "Scheduling.shift", "pk": 923, "fields": {"Type": 3, "up_for_trade": false, "Employee": 3, "date": "2019-01-30"}}, {"model": "Scheduling.shift", "pk": 924, "fields": {"Type": 3, "up_for_trade": false, "Employee": 3, "date": "2019-02-06"}}, {"model": "Scheduling.shift", "pk": 925, "fields": {"Type": 3, "up_for_trade": false, "Employee": 3, "date": "2019-02-13"}}, {"model": "Scheduling.shift", "pk": 926, "fields": {"Type": 3, "up_for_trade": false, "Employee": 3, "date": "2019-02-20"}}, {"model": "Scheduling.shift", "pk": 927, "fields": {"Type": 3, "up_for_trade": false, "Employee": 3, "date": "2019-02-27"}}, {"model": "Scheduling.shift", "pk": 928, "fields": {"Type": 3, "up_for_trade": false, "Employee": 3, "date": "2019-03-06"}}, {"model": "Scheduling.shift", "pk": 929, "fields": {"Type": 3, "up_for_trade": false, "Employee": 3, "date": "2019-03-13"}}, {"model": "Scheduling.shift", "pk": 930, "fields": {"Type": 3, "up_for_trade": false, "Employee": 3, "date": "2019-03-20"}}, {"model": "Scheduling.shift", "pk": 931, "fields": {"Type": 3, "up_for_trade": false, "Employee": 3, "date": "2019-03-27"}}, {"model": "Scheduling.shift", "pk": 932, "fields": {"Type": 3, "up_for_trade": false, "Employee": 3, "date": "2019-04-03"}}, {"model": "Scheduling.shift", "pk": 933, "fields": {"Type": 3, "up_for_trade": false, "Employee": 3, "date": "2019-04-10"}}, {"model": "Scheduling.shift", "pk": 934, "fields": {"Type": 3, "up_for_trade": false, "Employee": 3, "date": "2019-04-17"}}, {"model": "Scheduling.shift", "pk": 935, "fields": {"Type": 3, "up_for_trade": false, "Employee": 3, "date": "2019-04-24"}}, {"model": "Scheduling.shift", "pk": 936, "fields": {"Type": 3, "up_for_trade": false, "Employee": 1, "date": "2019-01-17"}}, {"model": "Scheduling.shift", "pk": 937, "fields": {"Type": 3, "up_for_trade": false, "Employee": 1, "date": "2019-01-24"}}, {"model": "Scheduling.shift", "pk": 938, "fields": {"Type": 3, "up_for_trade": false, "Employee": 1, "date": "2019-01-31"}}, {"model": "Scheduling.shift", "pk": 939, "fields": {"Type": 3, "up_for_trade": false, "Employee": 1, "date": "2019-02-07"}}, {"model": "Scheduling.shift", "pk": 940, "fields": {"Type": 3, "up_for_trade": false, "Employee": 1, "date": "2019-02-14"}}, {"model": "Scheduling.shift", "pk": 941, "fields": {"Type": 3, "up_for_trade": false, "Employee": 1, "date": "2019-02-21"}}, {"model": "Scheduling.shift", "pk": 942, "fields": {"Type": 3, "up_for_trade": false, "Employee": 1, "date": "2019-02-28"}}, {"model": "Scheduling.shift", "pk": 943, "fields": {"Type": 3, "up_for_trade": false, "Employee": 1, "date": "2019-03-07"}}, {"model": "Scheduling.shift", "pk": 944, "fields": {"Type": 3, "up_for_trade": false, "Employee": 1, "date": "2019-03-14"}}, {"model": "Scheduling.shift", "pk": 945, "fields": {"Type": 3, "up_for_trade": false, "Employee": 1, "date": "2019-03-21"}}, {"model": "Scheduling.shift", "pk": 946, "fields": {"Type": 3, "up_for_trade": false, "Employee": 1, "date": "2019-03-28"}}, {"model": "Scheduling.shift", "pk": 947, "fields": {"Type": 3, "up_for_trade": false, "Employee": 1, "date": "2019-04-04"}}, {"model": "Scheduling.shift", "pk": 948, "fields": {"Type": 3, "up_for_trade": false, "Employee": 1, "date": "2019-04-11"}}, {"model": "Scheduling.shift", "pk": 949, "fields": {"Type": 3, "up_for_trade": false, "Employee": 1, "date": "2019-04-18"}}, {"model": "Scheduling.shift", "pk": 950, "fields": {"Type": 3, "up_for_trade": false, "Employee": 1, "date": "2019-04-25"}}, {"model": "Scheduling.shift", "pk": 951, "fields": {"Type": 3, "up_for_trade": false, "Employee": 4, "date": "2019-01-18"}}, {"model": "Scheduling.shift", "pk": 952, "fields": {"Type": 3, "up_for_trade": false, "Employee": 4, "date": "2019-01-25"}}, {"model": "Scheduling.shift", "pk": 953, "fields": {"Type": 3, "up_for_trade": false, "Employee": 4, "date": "2019-02-01"}}, {"model": "Scheduling.shift", "pk": 954, "fields": {"Type": 3, "up_for_trade": false, "Employee": 4, "date": "2019-02-08"}}, {"model": "Scheduling.shift", "pk": 955, "fields": {"Type": 3, "up_for_trade": false, "Employee": 4, "date": "2019-02-15"}}, {"model": "Scheduling.shift", "pk": 956, "fields": {"Type": 3, "up_for_trade": false, "Employee": 4, "date": "2019-02-22"}}, {"model": "Scheduling.shift", "pk": 957, "fields": {"Type": 3, "up_for_trade": false, "Employee": 4, "date": "2019-03-01"}}, {"model": "Scheduling.shift", "pk": 958, "fields": {"Type": 3, "up_for_trade": false, "Employee": 4, "date": "2019-03-08"}}, {"model": "Scheduling.shift", "pk": 959, "fields": {"Type": 3, "up_for_trade": false, "Employee": 4, "date": "2019-03-15"}}, {"model": "Scheduling.shift", "pk": 960, "fields": {"Type": 3, "up_for_trade": false, "Employee": 4, "date": "2019-03-22"}}, {"model": "Scheduling.shift", "pk": 961, "fields": {"Type": 3, "up_for_trade": false, "Employee": 4, "date": "2019-03-29"}}, {"model": "Scheduling.shift", "pk": 962, "fields": {"Type": 3, "up_for_trade": false, "Employee": 4, "date": "2019-04-05"}}, {"model": "Scheduling.shift", "pk": 963, "fields": {"Type": 3, "up_for_trade": false, "Employee": 4, "date": "2019-04-12"}}, {"model": "Scheduling.shift", "pk": 964, "fields": {"Type": 3, "up_for_trade": false, "Employee": 4, "date": "2019-04-19"}}, {"model": "Scheduling.shift", "pk": 965, "fields": {"Type": 3, "up_for_trade": false, "Employee": 2, "date": "2019-01-14"}}, {"model": "Scheduling.shift", "pk": 966, "fields": {"Type": 3, "up_for_trade": false, "Employee": 2, "date": "2019-01-21"}}, {"model": "Scheduling.shift", "pk": 967, "fields": {"Type": 3, "up_for_trade": false, "Employee": 2, "date": "2019-01-28"}}, {"model": "Scheduling.shift", "pk": 968, "fields": {"Type": 3, "up_for_trade": false, "Employee": 2, "date": "2019-02-04"}}, {"model": "Scheduling.shift", "pk": 969, "fields": {"Type": 3, "up_for_trade": false, "Employee": 2, "date": "2019-02-11"}}, {"model": "Scheduling.shift", "pk": 970, "fields": {"Type": 3, "up_for_trade": false, "Employee": 2, "date": "2019-02-18"}}, {"model": "Scheduling.shift", "pk": 971, "fields": {"Type": 3, "up_for_trade": false, "Employee": 2, "date": "2019-02-25"}}, {"model": "Scheduling.shift", "pk": 972, "fields": {"Type": 3, "up_for_trade": false, "Employee": 2, "date": "2019-03-04"}}, {"model": "Scheduling.shift", "pk": 973, "fields": {"Type": 3, "up_for_trade": false, "Employee": 2, "date": "2019-03-11"}}, {"model": "Scheduling.shift", "pk": 974, "fields": {"Type": 3, "up_for_trade": false, "Employee": 2, "date": "2019-03-18"}}, {"model": "Scheduling.shift", "pk": 975, "fields": {"Type": 3, "up_for_trade": false, "Employee": 2, "date": "2019-03-25"}}, {"model": "Scheduling.shift", "pk": 976, "fields": {"Type": 3, "up_for_trade": false, "Employee": 2, "date": "2019-04-01"}}, {"model": "Scheduling.shift", "pk": 977, "fields": {"Type": 3, "up_for_trade": false, "Employee": 2, "date": "2019-04-08"}}, {"model": "Scheduling.shift", "pk": 978, "fields": {"Type": 3, "up_for_trade": false, "Employee": 2, "date": "2019-04-15"}}, {"model": "Scheduling.shift", "pk": 979, "fields": {"Type": 3, "up_for_trade": false, "Employee": 2, "date": "2019-04-22"}}, {"model": "Scheduling.shift", "pk": 980, "fields": {"Type": 3, "up_for_trade": false, "Employee": 2, "date": "2019-01-16"}}, {"model": "Scheduling.shift", "pk": 981, "fields": {"Type": 3, "up_for_trade": false, "Employee": 2, "date": "2019-01-23"}}, {"model": "Scheduling.shift", "pk": 982, "fields": {"Type": 3, "up_for_trade": false, "Employee": 2, "date": "2019-01-30"}}, {"model": "Scheduling.shift", "pk": 983, "fields": {"Type": 3, "up_for_trade": false, "Employee": 2, "date": "2019-02-06"}}, {"model": "Scheduling.shift", "pk": 984, "fields": {"Type": 3, "up_for_trade": false, "Employee": 2, "date": "2019-02-13"}}, {"model": "Scheduling.shift", "pk": 985, "fields": {"Type": 3, "up_for_trade": false, "Employee": 2, "date": "2019-02-20"}}, {"model": "Scheduling.shift", "pk": 986, "fields": {"Type": 3, "up_for_trade": false, "Employee": 2, "date": "2019-02-27"}}, {"model": "Scheduling.shift", "pk": 987, "fields": {"Type": 3, "up_for_trade": false, "Employee": 2, "date": "2019-03-06"}}, {"model": "Scheduling.shift", "pk": 988, "fields": {"Type": 3, "up_for_trade": false, "Employee": 2, "date": "2019-03-13"}}, {"model": "Scheduling.shift", "pk": 989, "fields": {"Type": 3, "up_for_trade": false, "Employee": 2, "date": "2019-03-20"}}, {"model": "Scheduling.shift", "pk": 990, "fields": {"Type": 3, "up_for_trade": false, "Employee": 2, "date": "2019-03-27"}}, {"model": "Scheduling.shift", "pk": 991, "fields": {"Type": 3, "up_for_trade": false, "Employee": 2, "date": "2019-04-03"}}, {"model": "Scheduling.shift", "pk": 992, "fields": {"Type": 3, "up_for_trade": false, "Employee": 2, "date": "2019-04-10"}}, {"model": "Scheduling.shift", "pk": 993, "fields": {"Type": 3, "up_for_trade": false, "Employee": 2, "date": "2019-04-17"}}, {"model": "Scheduling.shift", "pk": 994, "fields": {"Type": 3, "up_for_trade": false, "Employee": 2, "date": "2019-04-24"}}, {"model": "Scheduling.shift", "pk": 995, "fields": {"Type": 3, "up_for_trade": false, "Employee": 3, "date": "2019-01-18"}}, {"model": "Scheduling.shift", "pk": 996, "fields": {"Type": 3, "up_for_trade": false, "Employee": 3, "date": "2019-01-25"}}, {"model": "Scheduling.shift", "pk": 997, "fields": {"Type": 3, "up_for_trade": false, "Employee": 3, "date": "2019-02-01"}}, {"model": "Scheduling.shift", "pk": 998, "fields": {"Type": 3, "up_for_trade": false, "Employee": 3, "date": "2019-02-08"}}, {"model": "Scheduling.shift", "pk": 999, "fields": {"Type": 3, "up_for_trade": false, "Employee": 3, "date": "2019-02-15"}}, {"model": "Scheduling.shift", "pk": 1000, "fields": {"Type": 3, "up_for_trade": false, "Employee": 3, "date": "2019-02-22"}}, {"model": "Scheduling.shift", "pk": 1001, "fields": {"Type": 3, "up_for_trade": false, "Employee": 3, "date": "2019-03-01"}}, {"model": "Scheduling.shift", "pk": 1002, "fields": {"Type": 3, "up_for_trade": false, "Employee": 3, "date": "2019-03-08"}}, {"model": "Scheduling.shift", "pk": 1003, "fields": {"Type": 3, "up_for_trade": false, "Employee": 3, "date": "2019-03-15"}}, {"model": "Scheduling.shift", "pk": 1004, "fields": {"Type": 3, "up_for_trade": false, "Employee": 3, "date": "2019-03-22"}}, {"model": "Scheduling.shift", "pk": 1005, "fields": {"Type": 3, "up_for_trade": false, "Employee": 3, "date": "2019-03-29"}}, {"model": "Scheduling.shift", "pk": 1006, "fields": {"Type": 3, "up_for_trade": false, "Employee": 3, "date": "2019-04-05"}}, {"model": "Scheduling.shift", "pk": 1007, "fields": {"Type": 3, "up_for_trade": false, "Employee": 3, "date": "2019-04-12"}}, {"model": "Scheduling.shift", "pk": 1008, "fields": {"Type": 3, "up_for_trade": false, "Employee": 3, "date": "2019-04-19"}}, {"model": "Scheduling.availability", "pk": 16, "fields": {"ShiftType": 1, "employee": 1, "days": [1, 2, 4, 5]}}, {"model": "Scheduling.availability", "pk": 17, "fields": {"ShiftType": 2, "employee": 1, "days": [2, 4, 5]}}, {"model": "Scheduling.availability", "pk": 18, "fields": {"ShiftType": 3, "employee": 1, "days": [1, 2, 3, 4, 5]}}, {"model": "Scheduling.availability", "pk": 19, "fields": {"ShiftType": 1, "employee": 4, "days": [2, 4]}}, {"model": "Scheduling.availability", "pk": 20, "fields": {"ShiftType": 2, "employee": 4, "days": [2, 4]}}, {"model": "Scheduling.availability", "pk": 21, "fields": {"ShiftType": 3, "employee": 4, "days": [1, 3, 5]}}, {"model": "Scheduling.availability", "pk": 22, "fields": {"ShiftType": 1, "employee": 2, "days": [1, 5]}}, {"model": "Scheduling.availability", "pk": 23, "fields": {"ShiftType": 2, "employee": 2, "days": [1, 2, 4]}}, {"model": "Scheduling.availability", "pk": 24, "fields": {"ShiftType": 3, "employee": 2, "days": [1, 3, 5]}}, {"model": "Scheduling.availability", "pk": 25, "fields": {"ShiftType": 1, "employee": 3, "days": [1, 5]}}, {"model": "Scheduling.availability", "pk": 26, "fields": {"ShiftType": 2, "employee": 3, "days": [1, 2, 5]}}, {"model": "Scheduling.availability", "pk": 27, "fields": {"ShiftType": 3, "employee": 3, "days": [1, 3, 5]}}, {"model": "Scheduling.availability", "pk": 28, "fields": {"ShiftType": 1, "employee": 6, "days": [3, 4, 5]}}, {"model": "Scheduling.availability", "pk": 29, "fields": {"ShiftType": 2, "employee": 6, "days": [2, 3, 4, 5]}}, {"model": "Scheduling.availability", "pk": 30, "fields": {"ShiftType": 3, "employee": 6, "days": [1, 2, 3, 4, 5]}}, {"model": "Scheduling.scheduleperiod", "pk": 1, "fields": {"start_date": "2019-01-07", "end_date": "2019-04-26", "House": 1}}]