[{"model": "Scheduling.days", "pk": 1, "fields": {"day": "Monday"}}, {"model": "Scheduling.days", "pk": 2, "fields": {"day": "Tuesday"}}, {"model": "Scheduling.days", "pk": 3, "fields": {"day": "Wednesday"}}, {"model": "Scheduling.days", "pk": 4, "fields": {"day": "Thursday"}}, {"model": "Scheduling.days", "pk": 5, "fields": {"day": "Friday"}}, {"model": "Scheduling.shifttype", "pk": 1, "fields": {"house": 1, "label": "Breakfast", "start_time": "10:00:00", "end_time": "11:00:00", "number_of_employees": 1}}, {"model": "Scheduling.shifttype", "pk": 2, "fields": {"house": 1, "label": "Lunch", "start_time": "11:00:00", "end_time": "14:00:00", "number_of_employees": 2}}, {"model": "Scheduling.shifttype", "pk": 3, "fields": {"house": 1, "label": "Dinner", "start_time": "16:00:00", "end_time": "19:00:00", "number_of_employees": 3}}, {"model": "Scheduling.shift", "pk": 1009, "fields": {"Type": 1, "up_for_trade": false, "Employee": 1, "date": "2019-01-07"}}, {"model": "Scheduling.shift", "pk": 1010, "fields": {"Type": 1, "up_for_trade": false, "Employee": 4, "date": "2019-01-08"}}, {"model": "Scheduling.shift", "pk": 1011, "fields": {"Type": 1, "up_for_trade": false, "Employee": 6, "date": "2019-01-09"}}, {"model": "Scheduling.shift", "pk": 1012, "fields": {"Type": 1, "up_for_trade": false, "Employee": 1, "date": "2019-01-10"}}, {"model": "Scheduling.shift", "pk": 1013, "fields": {"Type": 1, "up_for_trade": false, "Employee": 2, "date": "2019-01-11"}}, {"model": "Scheduling.shift", "pk": 1014, "fields": {"Type": 2, "up_for_trade": false, "Employee": 3, "date": "2019-01-07"}}, {"model": "Scheduling.shift", "pk": 1015, "fields": {"Type": 2, "up_for_trade": false, "Employee": 4, "date": "2019-01-08"}}, {"model": "Scheduling.shift", "pk": 1016, "fields": {"Type": 2, "up_for_trade": false, "Employee": 6, "date": "2019-01-09"}}, {"model": "Scheduling.shift", "pk": 1017, "fields": {"Type": 2, "up_for_trade": false, "Employee": 2, "date": "2019-01-10"}}, {"model": "Scheduling.shift", "pk": 1018, "fields": {"Type": 2, "up_for_trade": false, "Employee": 3, "date": "2019-01-11"}}, {"model": "Scheduling.shift", "pk": 1019, "fields": {"Type": 2, "up_for_trade": false, "Employee": 2, "date": "2019-01-07"}}, {"model": "Scheduling.shift", "pk": 1020, "fields": {"Type": 2, "up_for_trade": false, "Employee": 1, "date": "2019-01-08"}}, {"model": "Scheduling.shift", "pk": 1021, "fields": {"Type": 2, "up_for_trade": false, "Employee": 7, "date": "2019-01-09"}}, {"model": "Scheduling.shift", "pk": 1022, "fields": {"Type": 2, "up_for_trade": false, "Employee": 4, "date": "2019-01-10"}}, {"model": "Scheduling.shift", "pk": 1023, "fields": {"Type": 2, "up_for_trade": false, "Employee": 6, "date": "2019-01-11"}}, {"model": "Scheduling.shift", "pk": 1024, "fields": {"Type": 3, "up_for_trade": false, "Employee": 3, "date": "2019-01-07"}}, {"model": "Scheduling.shift", "pk": 1025, "fields": {"Type": 3, "up_for_trade": false, "Employee": 1, "date": "2019-01-08"}}, {"model": "Scheduling.shift", "pk": 1026, "fields": {"Type": 3, "up_for_trade": false, "Employee": 4, "date": "2019-01-09"}}, {"model": "Scheduling.shift", "pk": 1027, "fields": {"Type": 3, "up_for_trade": false, "Employee": 6, "date": "2019-01-10"}}, {"model": "Scheduling.shift", "pk": 1028, "fields": {"Type": 3, "up_for_trade": false, "Employee": 2, "date": "2019-01-11"}}, {"model": "Scheduling.shift", "pk": 1029, "fields": {"Type": 3, "up_for_trade": false, "Employee": 1, "date": "2019-01-07"}}, {"model": "Scheduling.shift", "pk": 1030, "fields": {"Type": 3, "up_for_trade": false, "Employee": 6, "date": "2019-01-08"}}, {"model": "Scheduling.shift", "pk": 1031, "fields": {"Type": 3, "up_for_trade": false, "Employee": 3, "date": "2019-01-09"}}, {"model": "Scheduling.shift", "pk": 1032, "fields": {"Type": 3, "up_for_trade": false, "Employee": 1, "date": "2019-01-10"}}, {"model": "Scheduling.shift", "pk": 1033, "fields": {"Type": 3, "up_for_trade": false, "Employee": 4, "date": "2019-01-11"}}, {"model": "Scheduling.shift", "pk": 1034, "fields": {"Type": 3, "up_for_trade": false, "Employee": 2, "date": "2019-01-07"}}, {"model": "Scheduling.shift", "pk": 1035, "fields": {"Type": 3, "up_for_trade": false, "Employee": 7, "date": "2019-01-08"}}, {"model": "Scheduling.shift", "pk": 1036, "fields": {"Type": 3, "up_for_trade": false, "Employee": 2, "date": "2019-01-09"}}, {"model": "Scheduling.shift", "pk": 1037, "fields": {"Type": 3, "up_for_trade": false, "Employee": 7, "date": "2019-01-10"}}, {"model": "Scheduling.shift", "pk": 1038, "fields": {"Type": 3, "up_for_trade": false, "Employee": 3, "date": "2019-01-11"}}, {"model": "Scheduling.shift", "pk": 1039, "fields": {"Type": 1, "up_for_trade": false, "Employee": 1, "date": "2019-01-14"}}, {"model": "Scheduling.shift", "pk": 1040, "fields": {"Type": 1, "up_for_trade": false, "Employee": 1, "date": "2019-01-21"}}, {"model": "Scheduling.shift", "pk": 1041, "fields": {"Type": 1, "up_for_trade": false, "Employee": 1, "date": "2019-01-28"}}, {"model": "Scheduling.shift", "pk": 1042, "fields": {"Type": 1, "up_for_trade": false, "Employee": 1, "date": "2019-02-04"}}, {"model": "Scheduling.shift", "pk": 1043, "fields": {"Type": 1, "up_for_trade": false, "Employee": 1, "date": "2019-02-11"}}, {"model": "Scheduling.shift", "pk": 1044, "fields": {"Type": 1, "up_for_trade": false, "Employee": 1, "date": "2019-02-18"}}, {"model": "Scheduling.shift", "pk": 1045, "fields": {"Type": 1, "up_for_trade": false, "Employee": 1, "date": "2019-02-25"}}, {"model": "Scheduling.shift", "pk": 1046, "fields": {"Type": 1, "up_for_trade": false, "Employee": 1, "date": "2019-03-04"}}, {"model": "Scheduling.shift", "pk": 1047, "fields": {"Type": 1, "up_for_trade": false, "Employee": 1, "date": "2019-03-11"}}, {"model": "Scheduling.shift", "pk": 1048, "fields": {"Type": 1, "up_for_trade": false, "Employee": 1, "date": "2019-03-18"}}, {"model": "Scheduling.shift", "pk": 1049, "fields": {"Type": 1, "up_for_trade": false, "Employee": 1, "date": "2019-03-25"}}, {"model": "Scheduling.shift", "pk": 1050, "fields": {"Type": 1, "up_for_trade": false, "Employee": 1, "date": "2019-04-01"}}, {"model": "Scheduling.shift", "pk": 1051, "fields": {"Type": 1, "up_for_trade": false, "Employee": 1, "date": "2019-04-08"}}, {"model": "Scheduling.shift", "pk": 1052, "fields": {"Type": 1, "up_for_trade": false, "Employee": 1, "date": "2019-04-15"}}, {"model": "Scheduling.shift", "pk": 1053, "fields": {"Type": 1, "up_for_trade": false, "Employee": 1, "date": "2019-04-22"}}, {"model": "Scheduling.shift", "pk": 1054, "fields": {"Type": 1, "up_for_trade": false, "Employee": 4, "date": "2019-01-15"}}, {"model": "Scheduling.shift", "pk": 1055, "fields": {"Type": 1, "up_for_trade": false, "Employee": 4, "date": "2019-01-22"}}, {"model": "Scheduling.shift", "pk": 1056, "fields": {"Type": 1, "up_for_trade": false, "Employee": 4, "date": "2019-01-29"}}, {"model": "Scheduling.shift", "pk": 1057, "fields": {"Type": 1, "up_for_trade": false, "Employee": 4, "date": "2019-02-05"}}, {"model": "Scheduling.shift", "pk": 1058, "fields": {"Type": 1, "up_for_trade": false, "Employee": 4, "date": "2019-02-12"}}, {"model": "Scheduling.shift", "pk": 1059, "fields": {"Type": 1, "up_for_trade": false, "Employee": 4, "date": "2019-02-19"}}, {"model": "Scheduling.shift", "pk": 1060, "fields": {"Type": 1, "up_for_trade": false, "Employee": 4, "date": "2019-02-26"}}, {"model": "Scheduling.shift", "pk": 1061, "fields": {"Type": 1, "up_for_trade": false, "Employee": 4, "date": "2019-03-05"}}, {"model": "Scheduling.shift", "pk": 1062, "fields": {"Type": 1, "up_for_trade": false, "Employee": 4, "date": "2019-03-12"}}, {"model": "Scheduling.shift", "pk": 1063, "fields": {"Type": 1, "up_for_trade": false, "Employee": 4, "date": "2019-03-19"}}, {"model": "Scheduling.shift", "pk": 1064, "fields": {"Type": 1, "up_for_trade": false, "Employee": 4, "date": "2019-03-26"}}, {"model": "Scheduling.shift", "pk": 1065, "fields": {"Type": 1, "up_for_trade": false, "Employee": 4, "date": "2019-04-02"}}, {"model": "Scheduling.shift", "pk": 1066, "fields": {"Type": 1, "up_for_trade": false, "Employee": 4, "date": "2019-04-09"}}, {"model": "Scheduling.shift", "pk": 1067, "fields": {"Type": 1, "up_for_trade": false, "Employee": 4, "date": "2019-04-16"}}, {"model": "Scheduling.shift", "pk": 1068, "fields": {"Type": 1, "up_for_trade": false, "Employee": 4, "date": "2019-04-23"}}, {"model": "Scheduling.shift", "pk": 1069, "fields": {"Type": 1, "up_for_trade": false, "Employee": 6, "date": "2019-01-16"}}, {"model": "Scheduling.shift", "pk": 1070, "fields": {"Type": 1, "up_for_trade": false, "Employee": 6, "date": "2019-01-23"}}, {"model": "Scheduling.shift", "pk": 1071, "fields": {"Type": 1, "up_for_trade": false, "Employee": 6, "date": "2019-01-30"}}, {"model": "Scheduling.shift", "pk": 1072, "fields": {"Type": 1, "up_for_trade": false, "Employee": 6, "date": "2019-02-06"}}, {"model": "Scheduling.shift", "pk": 1073, "fields": {"Type": 1, "up_for_trade": false, "Employee": 6, "date": "2019-02-13"}}, {"model": "Scheduling.shift", "pk": 1074, "fields": {"Type": 1, "up_for_trade": false, "Employee": 6, "date": "2019-02-20"}}, {"model": "Scheduling.shift", "pk": 1075, "fields": {"Type": 1, "up_for_trade": false, "Employee": 6, "date": "2019-02-27"}}, {"model": "Scheduling.shift", "pk": 1076, "fields": {"Type": 1, "up_for_trade": false, "Employee": 6, "date": "2019-03-06"}}, {"model": "Scheduling.shift", "pk": 1077, "fields": {"Type": 1, "up_for_trade": false, "Employee": 6, "date": "2019-03-13"}}, {"model": "Scheduling.shift", "pk": 1078, "fields": {"Type": 1, "up_for_trade": false, "Employee": 6, "date": "2019-03-20"}}, {"model": "Scheduling.shift", "pk": 1079, "fields": {"Type": 1, "up_for_trade": false, "Employee": 6, "date": "2019-03-27"}}, {"model": "Scheduling.shift", "pk": 1080, "fields": {"Type": 1, "up_for_trade": false, "Employee": 6, "date": "2019-04-03"}}, {"model": "Scheduling.shift", "pk": 1081, "fields": {"Type": 1, "up_for_trade": false, "Employee": 6, "date": "2019-04-10"}}, {"model": "Scheduling.shift", "pk": 1082, "fields": {"Type": 1, "up_for_trade": false, "Employee": 6, "date": "2019-04-17"}}, {"model": "Scheduling.shift", "pk": 1083, "fields": {"Type": 1, "up_for_trade": false, "Employee": 6, "date": "2019-04-24"}}, {"model": "Scheduling.shift", "pk": 1084, "fields": {"Type": 1, "up_for_trade": false, "Employee": 1, "date": "2019-01-17"}}, {"model": "Scheduling.shift", "pk": 1085, "fields": {"Type": 1, "up_for_trade": false, "Employee": 1, "date": "2019-01-24"}}, {"model": "Scheduling.shift", "pk": 1086, "fields": {"Type": 1, "up_for_trade": false, "Employee": 1, "date": "2019-01-31"}}, {"model": "Scheduling.shift", "pk": 1087, "fields": {"Type": 1, "up_for_trade": false, "Employee": 1, "date": "2019-02-07"}}, {"model": "Scheduling.shift", "pk": 1088, "fields": {"Type": 1, "up_for_trade": false, "Employee": 1, "date": "2019-02-14"}}, {"model": "Scheduling.shift", "pk": 1089, "fields": {"Type": 1, "up_for_trade": false, "Employee": 1, "date": "2019-02-21"}}, {"model": "Scheduling.shift", "pk": 1090, "fields": {"Type": 1, "up_for_trade": false, "Employee": 1, "date": "2019-02-28"}}, {"model": "Scheduling.shift", "pk": 1091, "fields": {"Type": 1, "up_for_trade": false, "Employee": 1, "date": "2019-03-07"}}, {"model": "Scheduling.shift", "pk": 1092, "fields": {"Type": 1, "up_for_trade": false, "Employee": 1, "date": "2019-03-14"}}, {"model": "Scheduling.shift", "pk": 1093, "fields": {"Type": 1, "up_for_trade": false, "Employee": 1, "date": "2019-03-21"}}, {"model": "Scheduling.shift", "pk": 1094, "fields": {"Type": 1, "up_for_trade": false, "Employee": 1, "date": "2019-03-28"}}, {"model": "Scheduling.shift", "pk": 1095, "fields": {"Type": 1, "up_for_trade": false, "Employee": 1, "date": "2019-04-04"}}, {"model": "Scheduling.shift", "pk": 1096, "fields": {"Type": 1, "up_for_trade": false, "Employee": 1, "date": "2019-04-11"}}, {"model": "Scheduling.shift", "pk": 1097, "fields": {"Type": 1, "up_for_trade": false, "Employee": 1, "date": "2019-04-18"}}, {"model": "Scheduling.shift", "pk": 1098, "fields": {"Type": 1, "up_for_trade": false, "Employee": 1, "date": "2019-04-25"}}, {"model": "Scheduling.shift", "pk": 1099, "fields": {"Type": 1, "up_for_trade": false, "Employee": 2, "date": "2019-01-18"}}, {"model": "Scheduling.shift", "pk": 1100, "fields": {"Type": 1, "up_for_trade": false, "Employee": 2, "date": "2019-01-25"}}, {"model": "Scheduling.shift", "pk": 1101, "fields": {"Type": 1, "up_for_trade": false, "Employee": 2, "date": "2019-02-01"}}, {"model": "Scheduling.shift", "pk": 1102, "fields": {"Type": 1, "up_for_trade": false, "Employee": 2, "date": "2019-02-08"}}, {"model": "Scheduling.shift", "pk": 1103, "fields": {"Type": 1, "up_for_trade": false, "Employee": 2, "date": "2019-02-15"}}, {"model": "Scheduling.shift", "pk": 1104, "fields": {"Type": 1, "up_for_trade": false, "Employee": 2, "date": "2019-02-22"}}, {"model": "Scheduling.shift", "pk": 1105, "fields": {"Type": 1, "up_for_trade": false, "Employee": 2, "date": "2019-03-01"}}, {"model": "Scheduling.shift", "pk": 1106, "fields": {"Type": 1, "up_for_trade": false, "Employee": 2, "date": "2019-03-08"}}, {"model": "Scheduling.shift", "pk": 1107, "fields": {"Type": 1, "up_for_trade": false, "Employee": 2, "date": "2019-03-15"}}, {"model": "Scheduling.shift", "pk": 1108, "fields": {"Type": 1, "up_for_trade": false, "Employee": 2, "date": "2019-03-22"}}, {"model": "Scheduling.shift", "pk": 1109, "fields": {"Type": 1, "up_for_trade": false, "Employee": 2, "date": "2019-03-29"}}, {"model": "Scheduling.shift", "pk": 1110, "fields": {"Type": 1, "up_for_trade": false, "Employee": 2, "date": "2019-04-05"}}, {"model": "Scheduling.shift", "pk": 1111, "fields": {"Type": 1, "up_for_trade": false, "Employee": 2, "date": "2019-04-12"}}, {"model": "Scheduling.shift", "pk": 1112, "fields": {"Type": 1, "up_for_trade": false, "Employee": 2, "date": "2019-04-19"}}, {"model": "Scheduling.shift", "pk": 1113, "fields": {"Type": 2, "up_for_trade": false, "Employee": 3, "date": "2019-01-14"}}, {"model": "Scheduling.shift", "pk": 1114, "fields": {"Type": 2, "up_for_trade": false, "Employee": 3, "date": "2019-01-21"}}, {"model": "Scheduling.shift", "pk": 1115, "fields": {"Type": 2, "up_for_trade": false, "Employee": 3, "date": "2019-01-28"}}, {"model": "Scheduling.shift", "pk": 1116, "fields": {"Type": 2, "up_for_trade": false, "Employee": 3, "date": "2019-02-04"}}, {"model": "Scheduling.shift", "pk": 1117, "fields": {"Type": 2, "up_for_trade": false, "Employee": 3, "date": "2019-02-11"}}, {"model": "Scheduling.shift", "pk": 1118, "fields": {"Type": 2, "up_for_trade": false, "Employee": 3, "date": "2019-02-18"}}, {"model": "Scheduling.shift", "pk": 1119, "fields": {"Type": 2, "up_for_trade": false, "Employee": 3, "date": "2019-02-25"}}, {"model": "Scheduling.shift", "pk": 1120, "fields": {"Type": 2, "up_for_trade": false, "Employee": 3, "date": "2019-03-04"}}, {"model": "Scheduling.shift", "pk": 1121, "fields": {"Type": 2, "up_for_trade": false, "Employee": 3, "date": "2019-03-11"}}, {"model": "Scheduling.shift", "pk": 1122, "fields": {"Type": 2, "up_for_trade": false, "Employee": 3, "date": "2019-03-18"}}, {"model": "Scheduling.shift", "pk": 1123, "fields": {"Type": 2, "up_for_trade": false, "Employee": 3, "date": "2019-03-25"}}, {"model": "Scheduling.shift", "pk": 1124, "fields": {"Type": 2, "up_for_trade": false, "Employee": 3, "date": "2019-04-01"}}, {"model": "Scheduling.shift", "pk": 1125, "fields": {"Type": 2, "up_for_trade": false, "Employee": 3, "date": "2019-04-08"}}, {"model": "Scheduling.shift", "pk": 1126, "fields": {"Type": 2, "up_for_trade": false, "Employee": 3, "date": "2019-04-15"}}, {"model": "Scheduling.shift", "pk": 1127, "fields": {"Type": 2, "up_for_trade": false, "Employee": 3, "date": "2019-04-22"}}, {"model": "Scheduling.shift", "pk": 1128, "fields": {"Type": 2, "up_for_trade": false, "Employee": 4, "date": "2019-01-15"}}, {"model": "Scheduling.shift", "pk": 1129, "fields": {"Type": 2, "up_for_trade": false, "Employee": 4, "date": "2019-01-22"}}, {"model": "Scheduling.shift", "pk": 1130, "fields": {"Type": 2, "up_for_trade": false, "Employee": 4, "date": "2019-01-29"}}, {"model": "Scheduling.shift", "pk": 1131, "fields": {"Type": 2, "up_for_trade": false, "Employee": 4, "date": "2019-02-05"}}, {"model": "Scheduling.shift", "pk": 1132, "fields": {"Type": 2, "up_for_trade": false, "Employee": 4, "date": "2019-02-12"}}, {"model": "Scheduling.shift", "pk": 1133, "fields": {"Type": 2, "up_for_trade": false, "Employee": 4, "date": "2019-02-19"}}, {"model": "Scheduling.shift", "pk": 1134, "fields": {"Type": 2, "up_for_trade": false, "Employee": 4, "date": "2019-02-26"}}, {"model": "Scheduling.shift", "pk": 1135, "fields": {"Type": 2, "up_for_trade": false, "Employee": 4, "date": "2019-03-05"}}, {"model": "Scheduling.shift", "pk": 1136, "fields": {"Type": 2, "up_for_trade": false, "Employee": 4, "date": "2019-03-12"}}, {"model": "Scheduling.shift", "pk": 1137, "fields": {"Type": 2, "up_for_trade": false, "Employee": 4, "date": "2019-03-19"}}, {"model": "Scheduling.shift", "pk": 1138, "fields": {"Type": 2, "up_for_trade": false, "Employee": 4, "date": "2019-03-26"}}, {"model": "Scheduling.shift", "pk": 1139, "fields": {"Type": 2, "up_for_trade": false, "Employee": 4, "date": "2019-04-02"}}, {"model": "Scheduling.shift", "pk": 1140, "fields": {"Type": 2, "up_for_trade": false, "Employee": 4, "date": "2019-04-09"}}, {"model": "Scheduling.shift", "pk": 1141, "fields": {"Type": 2, "up_for_trade": false, "Employee": 4, "date": "2019-04-16"}}, {"model": "Scheduling.shift", "pk": 1142, "fields": {"Type": 2, "up_for_trade": false, "Employee": 4, "date": "2019-04-23"}}, {"model": "Scheduling.shift", "pk": 1143, "fields": {"Type": 2, "up_for_trade": false, "Employee": 6, "date": "2019-01-16"}}, {"model": "Scheduling.shift", "pk": 1144, "fields": {"Type": 2, "up_for_trade": false, "Employee": 6, "date": "2019-01-23"}}, {"model": "Scheduling.shift", "pk": 1145, "fields": {"Type": 2, "up_for_trade": false, "Employee": 6, "date": "2019-01-30"}}, {"model": "Scheduling.shift", "pk": 1146, "fields": {"Type": 2, "up_for_trade": false, "Employee": 6, "date": "2019-02-06"}}, {"model": "Scheduling.shift", "pk": 1147, "fields": {"Type": 2, "up_for_trade": false, "Employee": 6, "date": "2019-02-13"}}, {"model": "Scheduling.shift", "pk": 1148, "fields": {"Type": 2, "up_for_trade": false, "Employee": 6, "date": "2019-02-20"}}, {"model": "Scheduling.shift", "pk": 1149, "fields": {"Type": 2, "up_for_trade": false, "Employee": 6, "date": "2019-02-27"}}, {"model": "Scheduling.shift", "pk": 1150, "fields": {"Type": 2, "up_for_trade": false, "Employee": 6, "date": "2019-03-06"}}, {"model": "Scheduling.shift", "pk": 1151, "fields": {"Type": 2, "up_for_trade": false, "Employee": 6, "date": "2019-03-13"}}, {"model": "Scheduling.shift", "pk": 1152, "fields": {"Type": 2, "up_for_trade": false, "Employee": 6, "date": "2019-03-20"}}, {"model": "Scheduling.shift", "pk": 1153, "fields": {"Type": 2, "up_for_trade": false, "Employee": 6, "date": "2019-03-27"}}, {"model": "Scheduling.shift", "pk": 1154, "fields": {"Type": 2, "up_for_trade": false, "Employee": 6, "date": "2019-04-03"}}, {"model": "Scheduling.shift", "pk": 1155, "fields": {"Type": 2, "up_for_trade": false, "Employee": 6, "date": "2019-04-10"}}, {"model": "Scheduling.shift", "pk": 1156, "fields": {"Type": 2, "up_for_trade": false, "Employee": 6, "date": "2019-04-17"}}, {"model": "Scheduling.shift", "pk": 1157, "fields": {"Type": 2, "up_for_trade": false, "Employee": 6, "date": "2019-04-24"}}, {"model": "Scheduling.shift", "pk": 1158, "fields": {"Type": 2, "up_for_trade": false, "Employee": 2, "date": "2019-01-17"}}, {"model": "Scheduling.shift", "pk": 1159, "fields": {"Type": 2, "up_for_trade": false, "Employee": 2, "date": "2019-01-24"}}, {"model": "Scheduling.shift", "pk": 1160, "fields": {"Type": 2, "up_for_trade": false, "Employee": 2, "date": "2019-01-31"}}, {"model": "Scheduling.shift", "pk": 1161, "fields": {"Type": 2, "up_for_trade": false, "Employee": 2, "date": "2019-02-07"}}, {"model": "Scheduling.shift", "pk": 1162, "fields": {"Type": 2, "up_for_trade": false, "Employee": 2, "date": "2019-02-14"}}, {"model": "Scheduling.shift", "pk": 1163, "fields": {"Type": 2, "up_for_trade": false, "Employee": 2, "date": "2019-02-21"}}, {"model": "Scheduling.shift", "pk": 1164, "fields": {"Type": 2, "up_for_trade": false, "Employee": 2, "date": "2019-02-28"}}, {"model": "Scheduling.shift", "pk": 1165, "fields": {"Type": 2, "up_for_trade": false, "Employee": 2, "date": "2019-03-07"}}, {"model": "Scheduling.shift", "pk": 1166, "fields": {"Type": 2, "up_for_trade": false, "Employee": 2, "date": "2019-03-14"}}, {"model": "Scheduling.shift", "pk": 1167, "fields": {"Type": 2, "up_for_trade": false, "Employee": 2, "date": "2019-03-21"}}, {"model": "Scheduling.shift", "pk": 1168, "fields": {"Type": 2, "up_for_trade": false, "Employee": 2, "date": "2019-03-28"}}, {"model": "Scheduling.shift", "pk": 1169, "fields": {"Type": 2, "up_for_trade": false, "Employee": 2, "date": "2019-04-04"}}, {"model": "Scheduling.shift", "pk": 1170, "fields": {"Type": 2, "up_for_trade": false, "Employee": 2, "date": "2019-04-11"}}, {"model": "Scheduling.shift", "pk": 1171, "fields": {"Type": 2, "up_for_trade": false, "Employee": 2, "date": "2019-04-18"}}, {"model": "Scheduling.shift", "pk": 1172, "fields": {"Type": 2, "up_for_trade": false, "Employee": 2, "date": "2019-04-25"}}, {"model": "Scheduling.shift", "pk": 1173, "fields": {"Type": 2, "up_for_trade": false, "Employee": 3, "date": "2019-01-18"}}, {"model": "Scheduling.shift", "pk": 1174, "fields": {"Type": 2, "up_for_trade": false, "Employee": 3, "date": "2019-01-25"}}, {"model": "Scheduling.shift", "pk": 1175, "fields": {"Type": 2, "up_for_trade": false, "Employee": 3, "date": "2019-02-01"}}, {"model": "Scheduling.shift", "pk": 1176, "fields": {"Type": 2, "up_for_trade": false, "Employee": 3, "date": "2019-02-08"}}, {"model": "Scheduling.shift", "pk": 1177, "fields": {"Type": 2, "up_for_trade": false, "Employee": 3, "date": "2019-02-15"}}, {"model": "Scheduling.shift", "pk": 1178, "fields": {"Type": 2, "up_for_trade": false, "Employee": 3, "date": "2019-02-22"}}, {"model": "Scheduling.shift", "pk": 1179, "fields": {"Type": 2, "up_for_trade": false, "Employee": 3, "date": "2019-03-01"}}, {"model": "Scheduling.shift", "pk": 1180, "fields": {"Type": 2, "up_for_trade": false, "Employee": 3, "date": "2019-03-08"}}, {"model": "Scheduling.shift", "pk": 1181, "fields": {"Type": 2, "up_for_trade": false, "Employee": 3, "date": "2019-03-15"}}, {"model": "Scheduling.shift", "pk": 1182, "fields": {"Type": 2, "up_for_trade": false, "Employee": 3, "date": "2019-03-22"}}, {"model": "Scheduling.shift", "pk": 1183, "fields": {"Type": 2, "up_for_trade": false, "Employee": 3, "date": "2019-03-29"}}, {"model": "Scheduling.shift", "pk": 1184, "fields": {"Type": 2, "up_for_trade": false, "Employee": 3, "date": "2019-04-05"}}, {"model": "Scheduling.shift", "pk": 1185, "fields": {"Type": 2, "up_for_trade": false, "Employee": 3, "date": "2019-04-12"}}, {"model": "Scheduling.shift", "pk": 1186, "fields": {"Type": 2, "up_for_trade": false, "Employee": 3, "date": "2019-04-19"}}, {"model": "Scheduling.shift", "pk": 1187, "fields": {"Type": 2, "up_for_trade": false, "Employee": 2, "date": "2019-01-14"}}, {"model": "Scheduling.shift", "pk": 1188, "fields": {"Type": 2, "up_for_trade": false, "Employee": 2, "date": "2019-01-21"}}, {"model": "Scheduling.shift", "pk": 1189, "fields": {"Type": 2, "up_for_trade": false, "Employee": 2, "date": "2019-01-28"}}, {"model": "Scheduling.shift", "pk": 1190, "fields": {"Type": 2, "up_for_trade": false, "Employee": 2, "date": "2019-02-04"}}, {"model": "Scheduling.shift", "pk": 1191, "fields": {"Type": 2, "up_for_trade": false, "Employee": 2, "date": "2019-02-11"}}, {"model": "Scheduling.shift", "pk": 1192, "fields": {"Type": 2, "up_for_trade": false, "Employee": 2, "date": "2019-02-18"}}, {"model": "Scheduling.shift", "pk": 1193, "fields": {"Type": 2, "up_for_trade": false, "Employee": 2, "date": "2019-02-25"}}, {"model": "Scheduling.shift", "pk": 1194, "fields": {"Type": 2, "up_for_trade": false, "Employee": 2, "date": "2019-03-04"}}, {"model": "Scheduling.shift", "pk": 1195, "fields": {"Type": 2, "up_for_trade": false, "Employee": 2, "date": "2019-03-11"}}, {"model": "Scheduling.shift", "pk": 1196, "fields": {"Type": 2, "up_for_trade": false, "Employee": 2, "date": "2019-03-18"}}, {"model": "Scheduling.shift", "pk": 1197, "fields": {"Type": 2, "up_for_trade": false, "Employee": 2, "date": "2019-03-25"}}, {"model": "Scheduling.shift", "pk": 1198, "fields": {"Type": 2, "up_for_trade": false, "Employee": 2, "date": "2019-04-01"}}, {"model": "Scheduling.shift", "pk": 1199, "fields": {"Type": 2, "up_for_trade": false, "Employee": 2, "date": "2019-04-08"}}, {"model": "Scheduling.shift", "pk": 1200, "fields": {"Type": 2, "up_for_trade": false, "Employee": 2, "date": "2019-04-15"}}, {"model": "Scheduling.shift", "pk": 1201, "fields": {"Type": 2, "up_for_trade": false, "Employee": 2, "date": "2019-04-22"}}, {"model": "Scheduling.shift", "pk": 1202, "fields": {"Type": 2, "up_for_trade": false, "Employee": 1, "date": "2019-01-15"}}, {"model": "Scheduling.shift", "pk": 1203, "fields": {"Type": 2, "up_for_trade": false, "Employee": 1, "date": "2019-01-22"}}, {"model": "Scheduling.shift", "pk": 1204, "fields": {"Type": 2, "up_for_trade": false, "Employee": 1, "date": "2019-01-29"}}, {"model": "Scheduling.shift", "pk": 1205, "fields": {"Type": 2, "up_for_trade": false, "Employee": 1, "date": "2019-02-05"}}, {"model": "Scheduling.shift", "pk": 1206, "fields": {"Type": 2, "up_for_trade": false, "Employee": 1, "date": "2019-02-12"}}, {"model": "Scheduling.shift", "pk": 1207, "fields": {"Type": 2, "up_for_trade": false, "Employee": 1, "date": "2019-02-19"}}, {"model": "Scheduling.shift", "pk": 1208, "fields": {"Type": 2, "up_for_trade": false, "Employee": 1, "date": "2019-02-26"}}, {"model": "Scheduling.shift", "pk": 1209, "fields": {"Type": 2, "up_for_trade": false, "Employee": 1, "date": "2019-03-05"}}, {"model": "Scheduling.shift", "pk": 1210, "fields": {"Type": 2, "up_for_trade": false, "Employee": 1, "date": "2019-03-12"}}, {"model": "Scheduling.shift", "pk": 1211, "fields": {"Type": 2, "up_for_trade": false, "Employee": 1, "date": "2019-03-19"}}, {"model": "Scheduling.shift", "pk": 1212, "fields": {"Type": 2, "up_for_trade": false, "Employee": 1, "date": "2019-03-26"}}, {"model": "Scheduling.shift", "pk": 1213, "fields": {"Type": 2, "up_for_trade": false, "Employee": 1, "date": "2019-04-02"}}, {"model": "Scheduling.shift", "pk": 1214, "fields": {"Type": 2, "up_for_trade": false, "Employee": 1, "date": "2019-04-09"}}, {"model": "Scheduling.shift", "pk": 1215, "fields": {"Type": 2, "up_for_trade": false, "Employee": 1, "date": "2019-04-16"}}, {"model": "Scheduling.shift", "pk": 1216, "fields": {"Type": 2, "up_for_trade": false, "Employee": 1, "date": "2019-04-23"}}, {"model": "Scheduling.shift", "pk": 1217, "fields": {"Type": 2, "up_for_trade": false, "Employee": 4, "date": "2019-01-17"}}, {"model": "Scheduling.shift", "pk": 1218, "fields": {"Type": 2, "up_for_trade": false, "Employee": 4, "date": "2019-01-24"}}, {"model": "Scheduling.shift", "pk": 1219, "fields": {"Type": 2, "up_for_trade": false, "Employee": 4, "date": "2019-01-31"}}, {"model": "Scheduling.shift", "pk": 1220, "fields": {"Type": 2, "up_for_trade": false, "Employee": 4, "date": "2019-02-07"}}, {"model": "Scheduling.shift", "pk": 1221, "fields": {"Type": 2, "up_for_trade": false, "Employee": 4, "date": "2019-02-14"}}, {"model": "Scheduling.shift", "pk": 1222, "fields": {"Type": 2, "up_for_trade": false, "Employee": 4, "date": "2019-02-21"}}, {"model": "Scheduling.shift", "pk": 1223, "fields": {"Type": 2, "up_for_trade": false, "Employee": 4, "date": "2019-02-28"}}, {"model": "Scheduling.shift", "pk": 1224, "fields": {"Type": 2, "up_for_trade": false, "Employee": 4, "date": "2019-03-07"}}, {"model": "Scheduling.shift", "pk": 1225, "fields": {"Type": 2, "up_for_trade": false, "Employee": 4, "date": "2019-03-14"}}, {"model": "Scheduling.shift", "pk": 1226, "fields": {"Type": 2, "up_for_trade": false, "Employee": 4, "date": "2019-03-21"}}, {"model": "Scheduling.shift", "pk": 1227, "fields": {"Type": 2, "up_for_trade": false, "Employee": 4, "date": "2019-03-28"}}, {"model": "Scheduling.shift", "pk": 1228, "fields": {"Type": 2, "up_for_trade": false, "Employee": 4, "date": "2019-04-04"}}, {"model": "Scheduling.shift", "pk": 1229, "fields": {"Type": 2, "up_for_trade": false, "Employee": 4, "date": "2019-04-11"}}, {"model": "Scheduling.shift", "pk": 1230, "fields": {"Type": 2, "up_for_trade": false, "Employee": 4, "date": "2019-04-18"}}, {"model": "Scheduling.shift", "pk": 1231, "fields": {"Type": 2, "up_for_trade": false, "Employee": 4, "date": "2019-04-25"}}, {"model": "Scheduling.shift", "pk": 1232, "fields": {"Type": 2, "up_for_trade": false, "Employee": 6, "date": "2019-01-18"}}, {"model": "Scheduling.shift", "pk": 1233, "fields": {"Type": 2, "up_for_trade": false, "Employee": 6, "date": "2019-01-25"}}, {"model": "Scheduling.shift", "pk": 1234, "fields": {"Type": 2, "up_for_trade": false, "Employee": 6, "date": "2019-02-01"}}, {"model": "Scheduling.shift", "pk": 1235, "fields": {"Type": 2, "up_for_trade": false, "Employee": 6, "date": "2019-02-08"}}, {"model": "Scheduling.shift", "pk": 1236, "fields": {"Type": 2, "up_for_trade": false, "Employee": 6, "date": "2019-02-15"}}, {"model": "Scheduling.shift", "pk": 1237, "fields": {"Type": 2, "up_for_trade": false, "Employee": 6, "date": "2019-02-22"}}, {"model": "Scheduling.shift", "pk": 1238, "fields": {"Type": 2, "up_for_trade": false, "Employee": 6, "date": "2019-03-01"}}, {"model": "Scheduling.shift", "pk": 1239, "fields": {"Type": 2, "up_for_trade": false, "Employee": 6, "date": "2019-03-08"}}, {"model": "Scheduling.shift", "pk": 1240, "fields": {"Type": 2, "up_for_trade": false, "Employee": 6, "date": "2019-03-15"}}, {"model": "Scheduling.shift", "pk": 1241, "fields": {"Type": 2, "up_for_trade": false, "Employee": 6, "date": "2019-03-22"}}, {"model": "Scheduling.shift", "pk": 1242, "fields": {"Type": 2, "up_for_trade": false, "Employee": 6, "date": "2019-03-29"}}, {"model": "Scheduling.shift", "pk": 1243, "fields": {"Type": 2, "up_for_trade": false, "Employee": 6, "date": "2019-04-05"}}, {"model": "Scheduling.shift", "pk": 1244, "fields": {"Type": 2, "up_for_trade": false, "Employee": 6, "date": "2019-04-12"}}, {"model": "Scheduling.shift", "pk": 1245, "fields": {"Type": 2, "up_for_trade": false, "Employee": 6, "date": "2019-04-19"}}, {"model": "Scheduling.shift", "pk": 1246, "fields": {"Type": 3, "up_for_trade": false, "Employee": 3, "date": "2019-01-14"}}, {"model": "Scheduling.shift", "pk": 1247, "fields": {"Type": 3, "up_for_trade": false, "Employee": 3, "date": "2019-01-21"}}, {"model": "Scheduling.shift", "pk": 1248, "fields": {"Type": 3, "up_for_trade": false, "Employee": 3, "date": "2019-01-28"}}, {"model": "Scheduling.shift", "pk": 1249, "fields": {"Type": 3, "up_for_trade": false, "Employee": 3, "date": "2019-02-04"}}, {"model": "Scheduling.shift", "pk": 1250, "fields": {"Type": 3, "up_for_trade": false, "Employee": 3, "date": "2019-02-11"}}, {"model": "Scheduling.shift", "pk": 1251, "fields": {"Type": 3, "up_for_trade": false, "Employee": 3, "date": "2019-02-18"}}, {"model": "Scheduling.shift", "pk": 1252, "fields": {"Type": 3, "up_for_trade": false, "Employee": 3, "date": "2019-02-25"}}, {"model": "Scheduling.shift", "pk": 1253, "fields": {"Type": 3, "up_for_trade": false, "Employee": 3, "date": "2019-03-04"}}, {"model": "Scheduling.shift", "pk": 1254, "fields": {"Type": 3, "up_for_trade": false, "Employee": 3, "date": "2019-03-11"}}, {"model": "Scheduling.shift", "pk": 1255, "fields": {"Type": 3, "up_for_trade": false, "Employee": 3, "date": "2019-03-18"}}, {"model": "Scheduling.shift", "pk": 1256, "fields": {"Type": 3, "up_for_trade": false, "Employee": 3, "date": "2019-03-25"}}, {"model": "Scheduling.shift", "pk": 1257, "fields": {"Type": 3, "up_for_trade": false, "Employee": 3, "date": "2019-04-01"}}, {"model": "Scheduling.shift", "pk": 1258, "fields": {"Type": 3, "up_for_trade": false, "Employee": 3, "date": "2019-04-08"}}, {"model": "Scheduling.shift", "pk": 1259, "fields": {"Type": 3, "up_for_trade": false, "Employee": 3, "date": "2019-04-15"}}, {"model": "Scheduling.shift", "pk": 1260, "fields": {"Type": 3, "up_for_trade": false, "Employee": 3, "date": "2019-04-22"}}, {"model": "Scheduling.shift", "pk": 1261, "fields": {"Type": 3, "up_for_trade": false, "Employee": 1, "date": "2019-01-15"}}, {"model": "Scheduling.shift", "pk": 1262, "fields": {"Type": 3, "up_for_trade": false, "Employee": 1, "date": "2019-01-22"}}, {"model": "Scheduling.shift", "pk": 1263, "fields": {"Type": 3, "up_for_trade": false, "Employee": 1, "date": "2019-01-29"}}, {"model": "Scheduling.shift", "pk": 1264, "fields": {"Type": 3, "up_for_trade": false, "Employee": 1, "date": "2019-02-05"}}, {"model": "Scheduling.shift", "pk": 1265, "fields": {"Type": 3, "up_for_trade": false, "Employee": 1, "date": "2019-02-12"}}, {"model": "Scheduling.shift", "pk": 1266, "fields": {"Type": 3, "up_for_trade": false, "Employee": 1, "date": "2019-02-19"}}, {"model": "Scheduling.shift", "pk": 1267, "fields": {"Type": 3, "up_for_trade": false, "Employee": 1, "date": "2019-02-26"}}, {"model": "Scheduling.shift", "pk": 1268, "fields": {"Type": 3, "up_for_trade": false, "Employee": 1, "date": "2019-03-05"}}, {"model": "Scheduling.shift", "pk": 1269, "fields": {"Type": 3, "up_for_trade": false, "Employee": 1, "date": "2019-03-12"}}, {"model": "Scheduling.shift", "pk": 1270, "fields": {"Type": 3, "up_for_trade": false, "Employee": 1, "date": "2019-03-19"}}, {"model": "Scheduling.shift", "pk": 1271, "fields": {"Type": 3, "up_for_trade": false, "Employee": 1, "date": "2019-03-26"}}, {"model": "Scheduling.shift", "pk": 1272, "fields": {"Type": 3, "up_for_trade": false, "Employee": 1, "date": "2019-04-02"}}, {"model": "Scheduling.shift", "pk": 1273, "fields": {"Type": 3, "up_for_trade": false, "Employee": 1, "date": "2019-04-09"}}, {"model": "Scheduling.shift", "pk": 1274, "fields": {"Type": 3, "up_for_trade": false, "Employee": 1, "date": "2019-04-16"}}, {"model": "Scheduling.shift", "pk": 1275, "fields": {"Type": 3, "up_for_trade": false, "Employee": 1, "date": "2019-04-23"}}, {"model": "Scheduling.shift", "pk": 1276, "fields": {"Type": 3, "up_for_trade": false, "Employee": 4, "date": "2019-01-16"}}, {"model": "Scheduling.shift", "pk": 1277, "fields": {"Type": 3, "up_for_trade": false, "Employee": 4, "date": "2019-01-23"}}, {"model": "Scheduling.shift", "pk": 1278, "fields": {"Type": 3, "up_for_trade": false, "Employee": 4, "date": "2019-01-30"}}, {"model": "Scheduling.shift", "pk": 1279, "fields": {"Type": 3, "up_for_trade": false, "Employee": 4, "date": "2019-02-06"}}, {"model": "Scheduling.shift", "pk": 1280, "fields": {"Type": 3, "up_for_trade": false, "Employee": 4, "date": "2019-02-13"}}, {"model": "Scheduling.shift", "pk": 1281, "fields": {"Type": 3, "up_for_trade": false, "Employee": 4, "date": "2019-02-20"}}, {"model": "Scheduling.shift", "pk": 1282, "fields": {"Type": 3, "up_for_trade": false, "Employee": 4, "date": "2019-02-27"}}, {"model": "Scheduling.shift", "pk": 1283, "fields": {"Type": 3, "up_for_trade": false, "Employee": 4, "date": "2019-03-06"}}, {"model": "Scheduling.shift", "pk": 1284, "fields": {"Type": 3, "up_for_trade": false, "Employee": 4, "date": "2019-03-13"}}, {"model": "Scheduling.shift", "pk": 1285, "fields": {"Type": 3, "up_for_trade": false, "Employee": 4, "date": "2019-03-20"}}, {"model": "Scheduling.shift", "pk": 1286, "fields": {"Type": 3, "up_for_trade": false, "Employee": 4, "date": "2019-03-27"}}, {"model": "Scheduling.shift", "pk": 1287, "fields": {"Type": 3, "up_for_trade": false, "Employee": 4, "date": "2019-04-03"}}, {"model": "Scheduling.shift", "pk": 1288, "fields": {"Type": 3, "up_for_trade": false, "Employee": 4, "date": "2019-04-10"}}, {"model": "Scheduling.shift", "pk": 1289, "fields": {"Type": 3, "up_for_trade": false, "Employee": 4, "date": "2019-04-17"}}, {"model": "Scheduling.shift", "pk": 1290, "fields": {"Type": 3, "up_for_trade": false, "Employee": 4, "date": "2019-04-24"}}, {"model": "Scheduling.shift", "pk": 1291, "fields": {"Type": 3, "up_for_trade": false, "Employee": 6, "date": "2019-01-17"}}, {"model": "Scheduling.shift", "pk": 1292, "fields": {"Type": 3, "up_for_trade": false, "Employee": 6, "date": "2019-01-24"}}, {"model": "Scheduling.shift", "pk": 1293, "fields": {"Type": 3, "up_for_trade": false, "Employee": 6, "date": "2019-01-31"}}, {"model": "Scheduling.shift", "pk": 1294, "fields": {"Type": 3, "up_for_trade": false, "Employee": 6, "date": "2019-02-07"}}, {"model": "Scheduling.shift", "pk": 1295, "fields": {"Type": 3, "up_for_trade": false, "Employee": 6, "date": "2019-02-14"}}, {"model": "Scheduling.shift", "pk": 1296, "fields": {"Type": 3, "up_for_trade": false, "Employee": 6, "date": "2019-02-21"}}, {"model": "Scheduling.shift", "pk": 1297, "fields": {"Type": 3, "up_for_trade": false, "Employee": 6, "date": "2019-02-28"}}, {"model": "Scheduling.shift", "pk": 1298, "fields": {"Type": 3, "up_for_trade": false, "Employee": 6, "date": "2019-03-07"}}, {"model": "Scheduling.shift", "pk": 1299, "fields": {"Type": 3, "up_for_trade": false, "Employee": 6, "date": "2019-03-14"}}, {"model": "Scheduling.shift", "pk": 1300, "fields": {"Type": 3, "up_for_trade": false, "Employee": 6, "date": "2019-03-21"}}, {"model": "Scheduling.shift", "pk": 1301, "fields": {"Type": 3, "up_for_trade": false, "Employee": 6, "date": "2019-03-28"}}, {"model": "Scheduling.shift", "pk": 1302, "fields": {"Type": 3, "up_for_trade": false, "Employee": 6, "date": "2019-04-04"}}, {"model": "Scheduling.shift", "pk": 1303, "fields": {"Type": 3, "up_for_trade": false, "Employee": 6, "date": "2019-04-11"}}, {"model": "Scheduling.shift", "pk": 1304, "fields": {"Type": 3, "up_for_trade": false, "Employee": 6, "date": "2019-04-18"}}, {"model": "Scheduling.shift", "pk": 1305, "fields": {"Type": 3, "up_for_trade": false, "Employee": 6, "date": "2019-04-25"}}, {"model": "Scheduling.shift", "pk": 1306, "fields": {"Type": 3, "up_for_trade": false, "Employee": 2, "date": "2019-01-18"}}, {"model": "Scheduling.shift", "pk": 1307, "fields": {"Type": 3, "up_for_trade": false, "Employee": 2, "date": "2019-01-25"}}, {"model": "Scheduling.shift", "pk": 1308, "fields": {"Type": 3, "up_for_trade": false, "Employee": 2, "date": "2019-02-01"}}, {"model": "Scheduling.shift", "pk": 1309, "fields": {"Type": 3, "up_for_trade": false, "Employee": 2, "date": "2019-02-08"}}, {"model": "Scheduling.shift", "pk": 1310, "fields": {"Type": 3, "up_for_trade": false, "Employee": 2, "date": "2019-02-15"}}, {"model": "Scheduling.shift", "pk": 1311, "fields": {"Type": 3, "up_for_trade": false, "Employee": 2, "date": "2019-02-22"}}, {"model": "Scheduling.shift", "pk": 1312, "fields": {"Type": 3, "up_for_trade": false, "Employee": 2, "date": "2019-03-01"}}, {"model": "Scheduling.shift", "pk": 1313, "fields": {"Type": 3, "up_for_trade": false, "Employee": 2, "date": "2019-03-08"}}, {"model": "Scheduling.shift", "pk": 1314, "fields": {"Type": 3, "up_for_trade": false, "Employee": 2, "date": "2019-03-15"}}, {"model": "Scheduling.shift", "pk": 1315, "fields": {"Type": 3, "up_for_trade": false, "Employee": 2, "date": "2019-03-22"}}, {"model": "Scheduling.shift", "pk": 1316, "fields": {"Type": 3, "up_for_trade": false, "Employee": 2, "date": "2019-03-29"}}, {"model": "Scheduling.shift", "pk": 1317, "fields": {"Type": 3, "up_for_trade": false, "Employee": 2, "date": "2019-04-05"}}, {"model": "Scheduling.shift", "pk": 1318, "fields": {"Type": 3, "up_for_trade": false, "Employee": 2, "date": "2019-04-12"}}, {"model": "Scheduling.shift", "pk": 1319, "fields": {"Type": 3, "up_for_trade": false, "Employee": 2, "date": "2019-04-19"}}, {"model": "Scheduling.shift", "pk": 1320, "fields": {"Type": 3, "up_for_trade": false, "Employee": 1, "date": "2019-01-14"}}, {"model": "Scheduling.shift", "pk": 1321, "fields": {"Type": 3, "up_for_trade": false, "Employee": 1, "date": "2019-01-21"}}, {"model": "Scheduling.shift", "pk": 1322, "fields": {"Type": 3, "up_for_trade": false, "Employee": 1, "date": "2019-01-28"}}, {"model": "Scheduling.shift", "pk": 1323, "fields": {"Type": 3, "up_for_trade": false, "Employee": 1, "date": "2019-02-04"}}, {"model": "Scheduling.shift", "pk": 1324, "fields": {"Type": 3, "up_for_trade": false, "Employee": 1, "date": "2019-02-11"}}, {"model": "Scheduling.shift", "pk": 1325, "fields": {"Type": 3, "up_for_trade": false, "Employee": 1, "date": "2019-02-18"}}, {"model": "Scheduling.shift", "pk": 1326, "fields": {"Type": 3, "up_for_trade": false, "Employee": 1, "date": "2019-02-25"}}, {"model": "Scheduling.shift", "pk": 1327, "fields": {"Type": 3, "up_for_trade": false, "Employee": 1, "date": "2019-03-04"}}, {"model": "Scheduling.shift", "pk": 1328, "fields": {"Type": 3, "up_for_trade": false, "Employee": 1, "date": "2019-03-11"}}, {"model": "Scheduling.shift", "pk": 1329, "fields": {"Type": 3, "up_for_trade": false, "Employee": 1, "date": "2019-03-18"}}, {"model": "Scheduling.shift", "pk": 1330, "fields": {"Type": 3, "up_for_trade": false, "Employee": 1, "date": "2019-03-25"}}, {"model": "Scheduling.shift", "pk": 1331, "fields": {"Type": 3, "up_for_trade": false, "Employee": 1, "date": "2019-04-01"}}, {"model": "Scheduling.shift", "pk": 1332, "fields": {"Type": 3, "up_for_trade": false, "Employee": 1, "date": "2019-04-08"}}, {"model": "Scheduling.shift", "pk": 1333, "fields": {"Type": 3, "up_for_trade": false, "Employee": 1, "date": "2019-04-15"}}, {"model": "Scheduling.shift", "pk": 1334, "fields": {"Type": 3, "up_for_trade": false, "Employee": 1, "date": "2019-04-22"}}, {"model": "Scheduling.shift", "pk": 1335, "fields": {"Type": 3, "up_for_trade": false, "Employee": 6, "date": "2019-01-15"}}, {"model": "Scheduling.shift", "pk": 1336, "fields": {"Type": 3, "up_for_trade": false, "Employee": 6, "date": "2019-01-22"}}, {"model": "Scheduling.shift", "pk": 1337, "fields": {"Type": 3, "up_for_trade": false, "Employee": 6, "date": "2019-01-29"}}, {"model": "Scheduling.shift", "pk": 1338, "fields": {"Type": 3, "up_for_trade": false, "Employee": 6, "date": "2019-02-05"}}, {"model": "Scheduling.shift", "pk": 1339, "fields": {"Type": 3, "up_for_trade": false, "Employee": 6, "date": "2019-02-12"}}, {"model": "Scheduling.shift", "pk": 1340, "fields": {"Type": 3, "up_for_trade": false, "Employee": 6, "date": "2019-02-19"}}, {"model": "Scheduling.shift", "pk": 1341, "fields": {"Type": 3, "up_for_trade": false, "Employee": 6, "date": "2019-02-26"}}, {"model": "Scheduling.shift", "pk": 1342, "fields": {"Type": 3, "up_for_trade": false, "Employee": 6, "date": "2019-03-05"}}, {"model": "Scheduling.shift", "pk": 1343, "fields": {"Type": 3, "up_for_trade": false, "Employee": 6, "date": "2019-03-12"}}, {"model": "Scheduling.shift", "pk": 1344, "fields": {"Type": 3, "up_for_trade": false, "Employee": 6, "date": "2019-03-19"}}, {"model": "Scheduling.shift", "pk": 1345, "fields": {"Type": 3, "up_for_trade": false, "Employee": 6, "date": "2019-03-26"}}, {"model": "Scheduling.shift", "pk": 1346, "fields": {"Type": 3, "up_for_trade": false, "Employee": 6, "date": "2019-04-02"}}, {"model": "Scheduling.shift", "pk": 1347, "fields": {"Type": 3, "up_for_trade": false, "Employee": 6, "date": "2019-04-09"}}, {"model": "Scheduling.shift", "pk": 1348, "fields": {"Type": 3, "up_for_trade": false, "Employee": 6, "date": "2019-04-16"}}, {"model": "Scheduling.shift", "pk": 1349, "fields": {"Type": 3, "up_for_trade": false, "Employee": 6, "date": "2019-04-23"}}, {"model": "Scheduling.shift", "pk": 1350, "fields": {"Type": 3, "up_for_trade": false, "Employee": 3, "date": "2019-01-16"}}, {"model": "Scheduling.shift", "pk": 1351, "fields": {"Type": 3, "up_for_trade": false, "Employee": 3, "date": "2019-01-23"}}, {"model": "Scheduling.shift", "pk": 1352, "fields": {"Type": 3, "up_for_trade": false, "Employee": 3, "date": "2019-01-30"}}, {"model": "Scheduling.shift", "pk": 1353, "fields": {"Type": 3, "up_for_trade": false, "Employee": 3, "date": "2019-02-06"}}, {"model": "Scheduling.shift", "pk": 1354, "fields": {"Type": 3, "up_for_trade": false, "Employee": 3, "date": "2019-02-13"}}, {"model": "Scheduling.shift", "pk": 1355, "fields": {"Type": 3, "up_for_trade": false, "Employee": 3, "date": "2019-02-20"}}, {"model": "Scheduling.shift", "pk": 1356, "fields": {"Type": 3, "up_for_trade": false, "Employee": 3, "date": "2019-02-27"}}, {"model": "Scheduling.shift", "pk": 1357, "fields": {"Type": 3, "up_for_trade": false, "Employee": 3, "date": "2019-03-06"}}, {"model": "Scheduling.shift", "pk": 1358, "fields": {"Type": 3, "up_for_trade": false, "Employee": 3, "date": "2019-03-13"}}, {"model": "Scheduling.shift", "pk": 1359, "fields": {"Type": 3, "up_for_trade": false, "Employee": 3, "date": "2019-03-20"}}, {"model": "Scheduling.shift", "pk": 1360, "fields": {"Type": 3, "up_for_trade": false, "Employee": 3, "date": "2019-03-27"}}, {"model": "Scheduling.shift", "pk": 1361, "fields": {"Type": 3, "up_for_trade": false, "Employee": 3, "date": "2019-04-03"}}, {"model": "Scheduling.shift", "pk": 1362, "fields": {"Type": 3, "up_for_trade": false, "Employee": 3, "date": "2019-04-10"}}, {"model": "Scheduling.shift", "pk": 1363, "fields": {"Type": 3, "up_for_trade": false, "Employee": 3, "date": "2019-04-17"}}, {"model": "Scheduling.shift", "pk": 1364, "fields": {"Type": 3, "up_for_trade": false, "Employee": 3, "date": "2019-04-24"}}, {"model": "Scheduling.shift", "pk": 1365, "fields": {"Type": 3, "up_for_trade": false, "Employee": 1, "date": "2019-01-17"}}, {"model": "Scheduling.shift", "pk": 1366, "fields": {"Type": 3, "up_for_trade": false, "Employee": 1, "date": "2019-01-24"}}, {"model": "Scheduling.shift", "pk": 1367, "fields": {"Type": 3, "up_for_trade": false, "Employee": 1, "date": "2019-01-31"}}, {"model": "Scheduling.shift", "pk": 1368, "fields": {"Type": 3, "up_for_trade": false, "Employee": 1, "date": "2019-02-07"}}, {"model": "Scheduling.shift", "pk": 1369, "fields": {"Type": 3, "up_for_trade": false, "Employee": 1, "date": "2019-02-14"}}, {"model": "Scheduling.shift", "pk": 1370, "fields": {"Type": 3, "up_for_trade": false, "Employee": 1, "date": "2019-02-21"}}, {"model": "Scheduling.shift", "pk": 1371, "fields": {"Type": 3, "up_for_trade": false, "Employee": 1, "date": "2019-02-28"}}, {"model": "Scheduling.shift", "pk": 1372, "fields": {"Type": 3, "up_for_trade": false, "Employee": 1, "date": "2019-03-07"}}, {"model": "Scheduling.shift", "pk": 1373, "fields": {"Type": 3, "up_for_trade": false, "Employee": 1, "date": "2019-03-14"}}, {"model": "Scheduling.shift", "pk": 1374, "fields": {"Type": 3, "up_for_trade": false, "Employee": 1, "date": "2019-03-21"}}, {"model": "Scheduling.shift", "pk": 1375, "fields": {"Type": 3, "up_for_trade": false, "Employee": 1, "date": "2019-03-28"}}, {"model": "Scheduling.shift", "pk": 1376, "fields": {"Type": 3, "up_for_trade": false, "Employee": 1, "date": "2019-04-04"}}, {"model": "Scheduling.shift", "pk": 1377, "fields": {"Type": 3, "up_for_trade": false, "Employee": 1, "date": "2019-04-11"}}, {"model": "Scheduling.shift", "pk": 1378, "fields": {"Type": 3, "up_for_trade": false, "Employee": 1, "date": "2019-04-18"}}, {"model": "Scheduling.shift", "pk": 1379, "fields": {"Type": 3, "up_for_trade": false, "Employee": 1, "date": "2019-04-25"}}, {"model": "Scheduling.shift", "pk": 1380, "fields": {"Type": 3, "up_for_trade": false, "Employee": 4, "date": "2019-01-18"}}, {"model": "Scheduling.shift", "pk": 1381, "fields": {"Type": 3, "up_for_trade": false, "Employee": 4, "date": "2019-01-25"}}, {"model": "Scheduling.shift", "pk": 1382, "fields": {"Type": 3, "up_for_trade": false, "Employee": 4, "date": "2019-02-01"}}, {"model": "Scheduling.shift", "pk": 1383, "fields": {"Type": 3, "up_for_trade": false, "Employee": 4, "date": "2019-02-08"}}, {"model": "Scheduling.shift", "pk": 1384, "fields": {"Type": 3, "up_for_trade": false, "Employee": 4, "date": "2019-02-15"}}, {"model": "Scheduling.shift", "pk": 1385, "fields": {"Type": 3, "up_for_trade": false, "Employee": 4, "date": "2019-02-22"}}, {"model": "Scheduling.shift", "pk": 1386, "fields": {"Type": 3, "up_for_trade": false, "Employee": 4, "date": "2019-03-01"}}, {"model": "Scheduling.shift", "pk": 1387, "fields": {"Type": 3, "up_for_trade": false, "Employee": 4, "date": "2019-03-08"}}, {"model": "Scheduling.shift", "pk": 1388, "fields": {"Type": 3, "up_for_trade": false, "Employee": 4, "date": "2019-03-15"}}, {"model": "Scheduling.shift", "pk": 1389, "fields": {"Type": 3, "up_for_trade": false, "Employee": 4, "date": "2019-03-22"}}, {"model": "Scheduling.shift", "pk": 1390, "fields": {"Type": 3, "up_for_trade": false, "Employee": 4, "date": "2019-03-29"}}, {"model": "Scheduling.shift", "pk": 1391, "fields": {"Type": 3, "up_for_trade": false, "Employee": 4, "date": "2019-04-05"}}, {"model": "Scheduling.shift", "pk": 1392, "fields": {"Type": 3, "up_for_trade": false, "Employee": 4, "date": "2019-04-12"}}, {"model": "Scheduling.shift", "pk": 1393, "fields": {"Type": 3, "up_for_trade": false, "Employee": 4, "date": "2019-04-19"}}, {"model": "Scheduling.shift", "pk": 1394, "fields": {"Type": 3, "up_for_trade": false, "Employee": 2, "date": "2019-01-14"}}, {"model": "Scheduling.shift", "pk": 1395, "fields": {"Type": 3, "up_for_trade": false, "Employee": 2, "date": "2019-01-21"}}, {"model": "Scheduling.shift", "pk": 1396, "fields": {"Type": 3, "up_for_trade": false, "Employee": 2, "date": "2019-01-28"}}, {"model": "Scheduling.shift", "pk": 1397, "fields": {"Type": 3, "up_for_trade": false, "Employee": 2, "date": "2019-02-04"}}, {"model": "Scheduling.shift", "pk": 1398, "fields": {"Type": 3, "up_for_trade": false, "Employee": 2, "date": "2019-02-11"}}, {"model": "Scheduling.shift", "pk": 1399, "fields": {"Type": 3, "up_for_trade": false, "Employee": 2, "date": "2019-02-18"}}, {"model": "Scheduling.shift", "pk": 1400, "fields": {"Type": 3, "up_for_trade": false, "Employee": 2, "date": "2019-02-25"}}, {"model": "Scheduling.shift", "pk": 1401, "fields": {"Type": 3, "up_for_trade": false, "Employee": 2, "date": "2019-03-04"}}, {"model": "Scheduling.shift", "pk": 1402, "fields": {"Type": 3, "up_for_trade": false, "Employee": 2, "date": "2019-03-11"}}, {"model": "Scheduling.shift", "pk": 1403, "fields": {"Type": 3, "up_for_trade": false, "Employee": 2, "date": "2019-03-18"}}, {"model": "Scheduling.shift", "pk": 1404, "fields": {"Type": 3, "up_for_trade": false, "Employee": 2, "date": "2019-03-25"}}, {"model": "Scheduling.shift", "pk": 1405, "fields": {"Type": 3, "up_for_trade": false, "Employee": 2, "date": "2019-04-01"}}, {"model": "Scheduling.shift", "pk": 1406, "fields": {"Type": 3, "up_for_trade": false, "Employee": 2, "date": "2019-04-08"}}, {"model": "Scheduling.shift", "pk": 1407, "fields": {"Type": 3, "up_for_trade": false, "Employee": 2, "date": "2019-04-15"}}, {"model": "Scheduling.shift", "pk": 1408, "fields": {"Type": 3, "up_for_trade": false, "Employee": 2, "date": "2019-04-22"}}, {"model": "Scheduling.shift", "pk": 1409, "fields": {"Type": 3, "up_for_trade": false, "Employee": 2, "date": "2019-01-16"}}, {"model": "Scheduling.shift", "pk": 1410, "fields": {"Type": 3, "up_for_trade": false, "Employee": 2, "date": "2019-01-23"}}, {"model": "Scheduling.shift", "pk": 1411, "fields": {"Type": 3, "up_for_trade": false, "Employee": 2, "date": "2019-01-30"}}, {"model": "Scheduling.shift", "pk": 1412, "fields": {"Type": 3, "up_for_trade": false, "Employee": 2, "date": "2019-02-06"}}, {"model": "Scheduling.shift", "pk": 1413, "fields": {"Type": 3, "up_for_trade": false, "Employee": 2, "date": "2019-02-13"}}, {"model": "Scheduling.shift", "pk": 1414, "fields": {"Type": 3, "up_for_trade": false, "Employee": 2, "date": "2019-02-20"}}, {"model": "Scheduling.shift", "pk": 1415, "fields": {"Type": 3, "up_for_trade": false, "Employee": 2, "date": "2019-02-27"}}, {"model": "Scheduling.shift", "pk": 1416, "fields": {"Type": 3, "up_for_trade": false, "Employee": 2, "date": "2019-03-06"}}, {"model": "Scheduling.shift", "pk": 1417, "fields": {"Type": 3, "up_for_trade": false, "Employee": 2, "date": "2019-03-13"}}, {"model": "Scheduling.shift", "pk": 1418, "fields": {"Type": 3, "up_for_trade": false, "Employee": 2, "date": "2019-03-20"}}, {"model": "Scheduling.shift", "pk": 1419, "fields": {"Type": 3, "up_for_trade": false, "Employee": 2, "date": "2019-03-27"}}, {"model": "Scheduling.shift", "pk": 1420, "fields": {"Type": 3, "up_for_trade": false, "Employee": 2, "date": "2019-04-03"}}, {"model": "Scheduling.shift", "pk": 1421, "fields": {"Type": 3, "up_for_trade": false, "Employee": 2, "date": "2019-04-10"}}, {"model": "Scheduling.shift", "pk": 1422, "fields": {"Type": 3, "up_for_trade": false, "Employee": 2, "date": "2019-04-17"}}, {"model": "Scheduling.shift", "pk": 1423, "fields": {"Type": 3, "up_for_trade": false, "Employee": 2, "date": "2019-04-24"}}, {"model": "Scheduling.shift", "pk": 1424, "fields": {"Type": 3, "up_for_trade": false, "Employee": 3, "date": "2019-01-18"}}, {"model": "Scheduling.shift", "pk": 1425, "fields": {"Type": 3, "up_for_trade": false, "Employee": 3, "date": "2019-01-25"}}, {"model": "Scheduling.shift", "pk": 1426, "fields": {"Type": 3, "up_for_trade": false, "Employee": 3, "date": "2019-02-01"}}, {"model": "Scheduling.shift", "pk": 1427, "fields": {"Type": 3, "up_for_trade": false, "Employee": 3, "date": "2019-02-08"}}, {"model": "Scheduling.shift", "pk": 1428, "fields": {"Type": 3, "up_for_trade": false, "Employee": 3, "date": "2019-02-15"}}, {"model": "Scheduling.shift", "pk": 1429, "fields": {"Type": 3, "up_for_trade": false, "Employee": 3, "date": "2019-02-22"}}, {"model": "Scheduling.shift", "pk": 1430, "fields": {"Type": 3, "up_for_trade": false, "Employee": 3, "date": "2019-03-01"}}, {"model": "Scheduling.shift", "pk": 1431, "fields": {"Type": 3, "up_for_trade": false, "Employee": 3, "date": "2019-03-08"}}, {"model": "Scheduling.shift", "pk": 1432, "fields": {"Type": 3, "up_for_trade": false, "Employee": 3, "date": "2019-03-15"}}, {"model": "Scheduling.shift", "pk": 1433, "fields": {"Type": 3, "up_for_trade": false, "Employee": 3, "date": "2019-03-22"}}, {"model": "Scheduling.shift", "pk": 1434, "fields": {"Type": 3, "up_for_trade": false, "Employee": 3, "date": "2019-03-29"}}, {"model": "Scheduling.shift", "pk": 1435, "fields": {"Type": 3, "up_for_trade": false, "Employee": 3, "date": "2019-04-05"}}, {"model": "Scheduling.shift", "pk": 1436, "fields": {"Type": 3, "up_for_trade": false, "Employee": 3, "date": "2019-04-12"}}, {"model": "Scheduling.shift", "pk": 1437, "fields": {"Type": 3, "up_for_trade": false, "Employee": 3, "date": "2019-04-19"}}, {"model": "Scheduling.availability", "pk": 16, "fields": {"ShiftType": 1, "employee": 1, "days": [1, 2, 4, 5]}}, {"model": "Scheduling.availability", "pk": 17, "fields": {"ShiftType": 2, "employee": 1, "days": [2, 4, 5]}}, {"model": "Scheduling.availability", "pk": 18, "fields": {"ShiftType": 3, "employee": 1, "days": [1, 2, 3, 4, 5]}}, {"model": "Scheduling.availability", "pk": 19, "fields": {"ShiftType": 1, "employee": 4, "days": [2, 4]}}, {"model": "Scheduling.availability", "pk": 20, "fields": {"ShiftType": 2, "employee": 4, "days": [2, 4]}}, {"model": "Scheduling.availability", "pk": 21, "fields": {"ShiftType": 3, "employee": 4, "days": [1, 3, 5]}}, {"model": "Scheduling.availability", "pk": 22, "fields": {"ShiftType": 1, "employee": 2, "days": [1, 5]}}, {"model": "Scheduling.availability", "pk": 23, "fields": {"ShiftType": 2, "employee": 2, "days": [1, 2, 4]}}, {"model": "Scheduling.availability", "pk": 24, "fields": {"ShiftType": 3, "employee": 2, "days": [1, 3, 5]}}, {"model": "Scheduling.availability", "pk": 25, "fields": {"ShiftType": 1, "employee": 3, "days": [1, 5]}}, {"model": "Scheduling.availability", "pk": 26, "fields": {"ShiftType": 2, "employee": 3, "days": [1, 2, 5]}}, {"model": "Scheduling.availability", "pk": 27, "fields": {"ShiftType": 3, "employee": 3, "days": [1, 3, 5]}}, {"model": "Scheduling.availability", "pk": 28, "fields": {"ShiftType": 1, "employee": 6, "days": [3, 4, 5]}}, {"model": "Scheduling.availability", "pk": 29, "fields": {"ShiftType": 2, "employee": 6, "days": [2, 3, 4, 5]}}, {"model": "Scheduling.availability", "pk": 30, "fields": {"ShiftType": 3, "employee": 6, "days": [1, 2, 3, 4, 5]}}, {"model": "Scheduling.scheduleperiod", "pk": 1, "fields": {"start_date": "2019-01-07", "end_date": "2019-04-26", "House": 1}}]