[{"model": "Scheduling.days", "pk": 1, "fields": {"day": "Monday"}}, {"model": "Scheduling.days", "pk": 2, "fields": {"day": "Tuesday"}}, {"model": "Scheduling.days", "pk": 3, "fields": {"day": "Wednesday"}}, {"model": "Scheduling.days", "pk": 4, "fields": {"day": "Thursday"}}, {"model": "Scheduling.days", "pk": 5, "fields": {"day": "Friday"}}, {"model": "Scheduling.shifttype", "pk": 1, "fields": {"house": 1, "label": "Breakfast", "start_time": "10:00:00", "end_time": "11:00:00", "number_of_employees": 1}}, {"model": "Scheduling.shifttype", "pk": 2, "fields": {"house": 1, "label": "Lunch", "start_time": "11:00:00", "end_time": "14:00:00", "number_of_employees": 2}}, {"model": "Scheduling.shifttype", "pk": 3, "fields": {"house": 1, "label": "Dinner", "start_time": "16:00:00", "end_time": "19:00:00", "number_of_employees": 3}}, {"model": "Scheduling.shift", "pk": 91, "fields": {"Type": 1, "up_for_trade": false, "Employee": 1, "date": "2018-12-24"}}, {"model": "Scheduling.shift", "pk": 92, "fields": {"Type": 1, "up_for_trade": false, "Employee": 4, "date": "2018-12-25"}}, {"model": "Scheduling.shift", "pk": 93, "fields": {"Type": 1, "up_for_trade": false, "Employee": 2, "date": "2018-12-26"}}, {"model": "Scheduling.shift", "pk": 94, "fields": {"Type": 1, "up_for_trade": false, "Employee": 3, "date": "2018-12-27"}}, {"model": "Scheduling.shift", "pk": 95, "fields": {"Type": 1, "up_for_trade": false, "Employee": 6, "date": "2018-12-28"}}, {"model": "Scheduling.shift", "pk": 96, "fields": {"Type": 2, "up_for_trade": false, "Employee": 1, "date": "2018-12-24"}}, {"model": "Scheduling.shift", "pk": 97, "fields": {"Type": 2, "up_for_trade": false, "Employee": 4, "date": "2018-12-25"}}, {"model": "Scheduling.shift", "pk": 98, "fields": {"Type": 2, "up_for_trade": false, "Employee": 2, "date": "2018-12-26"}}, {"model": "Scheduling.shift", "pk": 99, "fields": {"Type": 2, "up_for_trade": false, "Employee": 3, "date": "2018-12-27"}}, {"model": "Scheduling.shift", "pk": 100, "fields": {"Type": 2, "up_for_trade": false, "Employee": 6, "date": "2018-12-28"}}, {"model": "Scheduling.shift", "pk": 101, "fields": {"Type": 2, "up_for_trade": false, "Employee": 4, "date": "2018-12-24"}}, {"model": "Scheduling.shift", "pk": 102, "fields": {"Type": 2, "up_for_trade": false, "Employee": 1, "date": "2018-12-25"}}, {"model": "Scheduling.shift", "pk": 103, "fields": {"Type": 2, "up_for_trade": false, "Employee": 3, "date": "2018-12-26"}}, {"model": "Scheduling.shift", "pk": 104, "fields": {"Type": 2, "up_for_trade": false, "Employee": 2, "date": "2018-12-27"}}, {"model": "Scheduling.shift", "pk": 105, "fields": {"Type": 2, "up_for_trade": false, "Employee": 1, "date": "2018-12-28"}}, {"model": "Scheduling.shift", "pk": 106, "fields": {"Type": 3, "up_for_trade": false, "Employee": 6, "date": "2018-12-24"}}, {"model": "Scheduling.shift", "pk": 107, "fields": {"Type": 3, "up_for_trade": false, "Employee": 4, "date": "2018-12-25"}}, {"model": "Scheduling.shift", "pk": 108, "fields": {"Type": 3, "up_for_trade": false, "Employee": 2, "date": "2018-12-26"}}, {"model": "Scheduling.shift", "pk": 109, "fields": {"Type": 3, "up_for_trade": false, "Employee": 3, "date": "2018-12-27"}}, {"model": "Scheduling.shift", "pk": 110, "fields": {"Type": 3, "up_for_trade": false, "Employee": 6, "date": "2018-12-28"}}, {"model": "Scheduling.shift", "pk": 111, "fields": {"Type": 3, "up_for_trade": false, "Employee": 1, "date": "2018-12-24"}}, {"model": "Scheduling.shift", "pk": 112, "fields": {"Type": 3, "up_for_trade": false, "Employee": 2, "date": "2018-12-25"}}, {"model": "Scheduling.shift", "pk": 113, "fields": {"Type": 3, "up_for_trade": false, "Employee": 4, "date": "2018-12-26"}}, {"model": "Scheduling.shift", "pk": 114, "fields": {"Type": 3, "up_for_trade": false, "Employee": 6, "date": "2018-12-27"}}, {"model": "Scheduling.shift", "pk": 115, "fields": {"Type": 3, "up_for_trade": false, "Employee": 3, "date": "2018-12-28"}}, {"model": "Scheduling.shift", "pk": 116, "fields": {"Type": 3, "up_for_trade": false, "Employee": 4, "date": "2018-12-24"}}, {"model": "Scheduling.shift", "pk": 117, "fields": {"Type": 3, "up_for_trade": false, "Employee": 1, "date": "2018-12-25"}}, {"model": "Scheduling.shift", "pk": 118, "fields": {"Type": 3, "up_for_trade": false, "Employee": 3, "date": "2018-12-26"}}, {"model": "Scheduling.shift", "pk": 119, "fields": {"Type": 3, "up_for_trade": false, "Employee": 2, "date": "2018-12-27"}}, {"model": "Scheduling.shift", "pk": 120, "fields": {"Type": 3, "up_for_trade": false, "Employee": 1, "date": "2018-12-28"}}, {"model": "Scheduling.availability", "pk": 16, "fields": {"ShiftType": 1, "employee": 1, "days": [1, 2, 3, 4, 5]}}, {"model": "Scheduling.availability", "pk": 17, "fields": {"ShiftType": 2, "employee": 1, "days": [1, 2, 3, 4, 5]}}, {"model": "Scheduling.availability", "pk": 18, "fields": {"ShiftType": 3, "employee": 1, "days": [1, 2, 3, 4, 5]}}, {"model": "Scheduling.availability", "pk": 19, "fields": {"ShiftType": 1, "employee": 4, "days": [1, 2, 3, 4, 5]}}, {"model": "Scheduling.availability", "pk": 20, "fields": {"ShiftType": 2, "employee": 4, "days": [1, 2, 3, 4, 5]}}, {"model": "Scheduling.availability", "pk": 21, "fields": {"ShiftType": 3, "employee": 4, "days": [1, 2, 3, 4, 5]}}, {"model": "Scheduling.availability", "pk": 22, "fields": {"ShiftType": 1, "employee": 2, "days": [1, 2, 3, 4, 5]}}, {"model": "Scheduling.availability", "pk": 23, "fields": {"ShiftType": 2, "employee": 2, "days": [1, 2, 3, 4, 5]}}, {"model": "Scheduling.availability", "pk": 24, "fields": {"ShiftType": 3, "employee": 2, "days": [1, 2, 3, 4, 5]}}, {"model": "Scheduling.availability", "pk": 25, "fields": {"ShiftType": 1, "employee": 3, "days": [1, 2, 3, 4, 5]}}, {"model": "Scheduling.availability", "pk": 26, "fields": {"ShiftType": 2, "employee": 3, "days": [1, 2, 3, 4, 5]}}, {"model": "Scheduling.availability", "pk": 27, "fields": {"ShiftType": 3, "employee": 3, "days": [1, 2, 3, 4, 5]}}, {"model": "Scheduling.availability", "pk": 28, "fields": {"ShiftType": 1, "employee": 6, "days": [1, 2, 3, 4, 5]}}, {"model": "Scheduling.availability", "pk": 29, "fields": {"ShiftType": 2, "employee": 6, "days": [1, 2, 3, 4, 5]}}, {"model": "Scheduling.availability", "pk": 30, "fields": {"ShiftType": 3, "employee": 6, "days": [1, 2, 3, 4, 5]}}, {"model": "Scheduling.scheduleperiod", "pk": 1, "fields": {"start_date": "2018-12-24", "end_date": "2018-12-28", "House": 1}}]